3982,Brand,Gheorghe,bgheorghe0@google.ru,629-739-2479,5602246505824219,4517820163,1072.75,1329.69
8478,Liana,Maryott,lmaryott1@cbsnews.com,651-504-5207,3573860759337635,9233791590,1516.66,1982.09
6848,Solomon,Renforth,srenforth2@apple.com,984-243-9631,201505179963207,6207171874,1319.4,1427.76
7733,Raynor,Edds,redds3@taobao.com,333-339-4412,374288540521985,3914551984,1411.44,1825.27
5931,Wynny,Slarke,wslarke4@cnbc.com,611-218-5310,5274625907552675,4621405797,1681.28,657.93
1140,Germain,Tustin,gtustin5@tripod.com,648-818-4711,3532258917018488,5272288523,534.56,1591.46
4811,Seymour,Schultze,sschultze6@dyndns.org,515-758-3261,3536573132628622,6203546057,1571.21,1936.66
1371,Bili,Smitton,bsmitton7@cdc.gov,200-486-3995,201851425513630,5359781068,1502.96,1118.68
1937,Al,Jarvis,ajarvis8@oakley.com,760-407-8197,3584453834416272,2818975931,653.42,560.6
6735,Justis,Houdmont,jhoudmont9@biglobe.ne.jp,630-413-7078,3579003456096832,3789054828,1675.57,426.9
3371,Arabel,Hoyt,ahoyta@blog.com,447-987-3435,6709469200088662,3838556496,171.44,1496.36
7650,Horton,Abbots,habbotsb@hhs.gov,372-402-7813,201820670088333,4005632114,866.98,1944.06
4573,Inessa,Garmons,igarmonsc@census.gov,347-916-0955,201710991407827,9925540955,611.25,232.05
3713,Zebulon,Hargrove,zhargroved@sakura.ne.jp,543-698-1319,3529912148012273,8467295447,1427.07,1386.78
4964,Natka,Crouch,ncrouche@bandcamp.com,705-806-6603,3532553120057947,2562537925,448.35,1688.45
5996,Astra,Piotrowski,apiotrowskif@yolasite.com,502-564-2981,3567629869221932,8275541221,683.89,1299.8
5267,Vivyan,Willes,vwillesg@so-net.ne.jp,483-573-9531,3574862104342418,1877359171,1157.67,1349.65
6614,Florenza,Francomb,ffrancombh@shutterfly.com,401-676-5517,373780125615969,3589577212,885.96,1876.75
1762,Aliza,Gerold,ageroldi@wp.com,192-924-3386,5048377980235464,8054117917,1012.85,1384.24
8334,Reggie,Hubbert,rhubbertj@flavors.me,454-443-0122,5266254848720497,9649197902,881.89,806.71
2484,Chaim,Skeldinge,cskeldingek@behance.net,943-260-8812,3584959614008717,6125045522,384.02,1650.47
5616,Imogen,McAndie,imcandiel@upenn.edu,627-792-3232,3537228219750927,4483897921,39.56,1273.92
4567,Marje,Sjollema,msjollemam@google.it,990-478-3571,56022465292870053,3516461750,347.67,490.3
8235,Fonz,Sanney,fsanneyn@paypal.com,473-317-1830,5002351338409257,6394297509,1964.94,1313.52
8482,Brad,Gebbe,bgebbeo@themeforest.net,956-467-7867,3569936216079519,1906845405,146.01,1167.44
4529,Fiona,Chopping,fchoppingp@barnesandnoble.com,509-137-7623,3528024089760653,1295080244,1032.78,400.45
8301,Mendel,Richley,mrichleyq@wordpress.org,951-574-1801,3577951277999547,5068416663,1017.57,316.46
7824,Trenton,Dmitrovic,tdmitrovicr@360.cn,779-660-5589,4936391002268195,8563901880,805.43,166.28
3395,Sile,Gyngell,sgyngells@tinyurl.com,661-424-7252,3539197860862109,4997829708,1722.73,485.94
2893,Nowell,Harrold,nharroldt@g.co,516-969-8473,3528308638927438,6141750671,700.36,402.09
3250,Cyrille,Curror,ccurroru@wp.com,871-370-8182,3583956508758564,8111566179,1648.16,578.1
5694,Germaine,Hamley,ghamleyv@wix.com,587-506-2176,6383853277385726,7416584859,237.2,982.12
7648,Arabele,Stopford,astopfordw@51.la,315-236-9123,5390565443565295,6491732594,1268.45,1261.23
7146,Cassondra,Biddle,cbiddlex@ask.com,571-847-9343,676704967516794613,8229639603,1112.45,242.89
5256,Gusta,Izakovitz,gizakovitzy@istockphoto.com,334-667-1977,30371268080024,3411450518,600.61,1598.09
7865,Nye,Mottley,nmottleyz@paginegialle.it,959-458-9347,3549201946767619,8094153758,522.48,1642.02
4130,Patty,Hasell,phasell10@liveinternet.ru,176-915-5885,374622353770190,1373280922,1205.51,621.07
4364,Abner,Edis,aedis11@amazon.co.jp,579-719-7596,3562189384832114,9003807593,1727.37,443.09
5968,Durward,Alsina,dalsina12@bloglovin.com,665-613-1950,3537955836121872,2764873560,675.71,1932.24
7692,Pepi,Fingleton,pfingleton13@pen.io,227-328-2472,3589359605601940,6522594464,1779.99,1704.78
2328,Fionna,Hackleton,fhackleton14@constantcontact.com,463-654-2206,4905385719100185,2266394003,242.84,251.13
1505,Gusta,McCaughran,gmccaughran15@ox.ac.uk,780-290-8078,6759787483016277,9681126744,474.57,1319.47
1678,Lauri,Skudder,lskudder16@microsoft.com,513-754-7428,3552974185378959,8475972351,1051.02,563.2
2385,Maximilien,Matzaitis,mmatzaitis17@discuz.net,577-583-3226,3571866336130460,5099712407,392.78,736.56
2804,Ertha,Sparey,esparey18@yandex.ru,697-754-5215,4041374594737,4009013509,1548.6,147.45
7838,Casi,Pettingill,cpettingill19@businessinsider.com,295-899-8845,5354530530813697,5813104750,1634.59,1794.51
6845,Harlin,Erat,herat1a@auda.org.au,880-124-3528,3554173441036216,2507040486,1419.62,152.34
6829,Sarena,Dawson,sdawson1b@bbc.co.uk,356-518-0513,6771455097696773916,8198629728,1832.56,1076.15
8454,Mel,Petrolli,mpetrolli1c@bloomberg.com,344-501-6163,0604906622658386813,3384121099,827.95,677.75
5714,Tasha,de Clerk,tdeclerk1d@fema.gov,682-624-9480,344673597143097,1341485972,875.3,771.74
2154,Alta,Guyon,aguyon1e@woothemes.com,674-706-8763,201482775921015,8962090592,1842.62,704.15
8782,Donelle,Rooze,drooze1f@ameblo.jp,483-598-5200,4026945326174677,6755871812,1351.54,295.97
8593,Eldredge,Corfield,ecorfield1g@theglobeandmail.com,157-847-7995,67638251504190784,2305360572,1024.73,1060.24
4079,Moira,Cowsby,mcowsby1h@nyu.edu,483-848-7824,3572901006413208,6694580489,130.72,1498.34
4125,Gustaf,Beckhurst,gbeckhurst1i@paginegialle.it,907-376-3687,6304967541395984,8972297620,806.57,1509.92
5993,Reggy,Cervantes,rcervantes1j@phpbb.com,727-212-7526,4917943999022713,8301386650,1213.35,56.66
2466,Emalee,Indgs,eindgs1k@tmall.com,215-949-0152,374622442952007,3766450233,729.28,1604.59
6724,Ambrosi,Dragonette,adragonette1l@mapy.cz,641-250-8225,3539630042498475,1629709846,1727.13,49.57
4932,Aylmar,Patters,apatters1m@dedecms.com,729-520-6815,30096593623442,4794105331,1403.31,1643.08
8874,Ashby,Haggart,ahaggart1n@discovery.com,103-433-1152,5388145050589344,7995046428,709.9,1244.31
3184,Dacie,Wastall,dwastall1o@ed.gov,774-475-7188,201422073907324,3883479620,1084.41,1087.72
8917,Dania,Delve,ddelve1p@live.com,301-549-8614,3542957801740457,9102593065,1242.65,288.97
2727,Pegeen,Sloyan,psloyan1q@cloudflare.com,221-527-9037,3561978124694052,1674070059,428.72,1304.78
4474,Trevor,Gainsborough,tgainsborough1r@shinystat.com,212-553-1025,3571555291000905,9031433029,1044.06,727.52
7406,Jodi,Klammt,jklammt1s@php.net,695-713-9344,6767062587729130293,9035739901,1015.53,1697.83
4498,Blisse,Scotchmor,bscotchmor1t@ca.gov,519-977-5243,3549638038542188,9114644114,1437.83,1279.1
3137,Booth,Sharland,bsharland1u@howstuffworks.com,664-172-2641,201593855752698,2538920244,148.89,798.23
1919,Gigi,Quiddihy,gquiddihy1v@comsenz.com,767-636-5301,5602214791681614610,5261559476,1584.91,935.12
3046,Melba,O'Suaird,mosuaird1w@netlog.com,167-368-5071,3578863607991269,5396024241,1304.75,942.5
1264,Kippy,Elverston,kelverston1x@vk.com,613-653-7000,50389113940482513,4627813522,420.85,1893.65
7423,Worthy,Uccello,wuccello1y@uiuc.edu,381-221-5517,4017950142340040,3169565482,754.8,1036.55
7034,Ruprecht,Janicek,rjanicek1z@addtoany.com,916-783-9138,30526198844126,1984607738,719.55,1122.17
5708,Conrade,McGillreich,cmcgillreich20@1und1.de,110-687-5744,63040950317366132,9301480473,401.07,274.21
5178,Terri-jo,Dummer,tdummer21@cbc.ca,667-446-2680,5602244034559703,5265586379,1180.39,1760.9
6962,Dodie,Chese,dchese22@ebay.co.uk,933-314-1016,5437921761865681,3417712080,546.01,1116.47
5496,Ash,Moreby,amoreby23@blog.com,203-983-5809,201427431990292,1973929173,1268.52,539.54
1522,Moyra,Neem,mneem24@fotki.com,545-294-5797,3587916947086841,2788223890,1259.57,998.75
4347,Enrique,Weller,eweller25@php.net,782-634-7273,3541494928632368,2635472041,402.94,444.2
3873,Lauretta,Trangmar,ltrangmar26@weebly.com,292-225-1661,6331107321395212,4553700147,838.61,608.17
1510,Harp,Sorrill,hsorrill27@irs.gov,245-909-2471,337941961038204,9271213994,101.53,44.24
5045,Leila,Cottom,lcottom28@twitter.com,608-371-8819,3555323460028144,6329271023,738.7,493.61
2622,Jehanna,Allright,jallright29@amazonaws.com,708-746-9802,5602245932878681,5534618368,1268.95,1936.31
4633,Freedman,Emney,femney2a@hatena.ne.jp,376-396-0884,630495771416382879,4359630122,1603.51,875.27
4748,Irena,Piola,ipiola2b@wp.com,559-527-6768,589361057365114466,2317938669,1377.84,1979.94
5344,Nobie,Tippell,ntippell2c@jugem.jp,729-134-4516,3538851161058707,2302853404,843.35,57.16
6008,Adaline,Petroselli,apetroselli2d@google.co.uk,249-599-8285,67718511449933850,2371028211,1611.06,1110.61
7300,Carolyne,Wimms,cwimms2e@mashable.com,289-934-1310,5602219413243426,5016874558,171.0,1967.78
2297,Jerrie,Crossan,jcrossan2f@hatena.ne.jp,344-260-7133,5100139648474181,8305519489,1473.58,462.68
3564,Margarete,Bontein,mbontein2g@nifty.com,281-425-6080,4911630009135384926,9361994378,897.91,110.23
3584,Lilyan,MacAlees,lmacalees2h@ted.com,861-707-7188,3530788344384014,3776508532,43.45,317.6
7934,Addie,Gadie,agadie2i@china.com.cn,576-191-9697,560223132601940435,4944521861,1805.85,242.73
4970,Ginger,Spadollini,gspadollini2j@parallels.com,749-117-3645,3588149182499797,4422501263,1504.95,634.46
7959,Lyndsie,Gunston,lgunston2k@google.co.jp,655-569-2976,4175004897285972,4838395658,532.98,35.66
5786,Emelina,Lening,elening2l@sphinn.com,819-180-9580,3560763038667191,5809820700,453.31,534.0
1468,Nathalie,Frays,nfrays2m@wordpress.com,232-529-6946,3584315265786624,8875465970,89.08,1881.21
4773,Gretchen,Attenborough,gattenborough2n@hugedomains.com,203-371-3976,3570524160364223,3859498560,1948.41,1020.96
5076,Gaile,Trenchard,gtrenchard2o@cpanel.net,310-138-6527,370797013917805,7079899740,416.16,690.68
6937,Rouvin,Firmager,rfirmager2p@mtv.com,666-396-6841,3544566102727218,4544523913,1017.35,280.78
2859,Hamlen,Tottem,htottem2q@bbc.co.uk,551-697-6275,3539516844226109,2879602569,1621.89,544.45
8492,Cati,Duckham,cduckham2r@jimdo.com,143-957-2675,3565574384214099,3658870288,1624.89,1359.25
7002,Lorita,Aykroyd,laykroyd2s@cocolog-nifty.com,103-728-3967,5100178312580774,5656489716,1432.99,1644.08
5080,Dillon,Haps,dhaps2t@domainmarket.com,743-945-0556,3550951863613776,9241807200,127.71,1336.85
5056,Evelyn,Paley,epaley2u@washington.edu,783-737-4258,3588478481487611,9699892927,1775.86,1377.57
2115,Albrecht,Nugent,anugent2v@jimdo.com,726-635-9995,6771328062577092,5775623835,725.68,619.8
3524,Hobey,Lush,hlush2w@hao123.com,320-884-3398,58934461154366952,8469892596,1969.5,493.07
8622,Granny,Markie,gmarkie2x@globo.com,280-804-1409,3554627165824321,7203080418,1890.65,1069.64
8018,Lawrence,Tipper,ltipper2y@edublogs.org,504-296-9648,3582874896558002,3821928985,844.84,1459.67
4473,Amanda,Le Count,alecount2z@house.gov,757-125-1416,564182519360862761,4343318486,497.7,499.85
5159,Roch,Sautter,rsautter30@theglobeandmail.com,666-259-7113,3534265824056186,5426813764,820.02,449.96
6291,Ibbie,Eymer,ieymer31@springer.com,891-886-9379,3554795136583670,1548528385,1335.75,1371.88
4282,Thia,Punchard,tpunchard32@about.com,888-253-4701,3544198258184208,3081113807,535.38,1654.56
8534,Franciska,Beechcraft,fbeechcraft33@sitemeter.com,831-353-6885,4500430919881,2972812943,1324.35,4.3
1122,Renelle,Denne,rdenne34@mozilla.com,614-243-0189,3558060592230985,8319772592,672.79,1184.15
7527,Janet,Petris,jpetris35@ibm.com,923-775-7332,5018000070503978223,1598364657,305.57,992.33
8759,Packston,Reany,preany36@qq.com,996-519-0115,4041591315973,7437846193,1533.5,1057.95
5848,Nerita,Kilford,nkilford37@etsy.com,981-683-3084,3560466162984867,4378955079,644.82,1407.94
4656,Hayyim,Mabbett,hmabbett38@webmd.com,611-742-6117,3539286150780970,4003667673,472.65,1604.13
7747,Bret,Wasiel,bwasiel39@twitpic.com,706-102-5679,5038786561926745015,3479764065,1862.61,1080.98
4778,Chen,D'eye,cdeye3a@vk.com,555-293-4047,30128451851243,9307090797,1111.49,402.36
5955,Waylan,Ricardot,wricardot3b@cam.ac.uk,221-921-6460,5610121341028087,6711568569,259.89,1301.82
4180,Elsey,Heimann,eheimann3c@jalbum.net,187-615-8650,5007665752179996,4714683027,565.37,811.26
4666,Giacopo,Veryan,gveryan3d@php.net,521-173-3276,3558511491439259,3464183660,989.83,1432.1
3898,Madelene,Abbyss,mabbyss3e@t-online.de,499-827-6303,3563676573949534,6083727284,309.52,218.92
7435,Dehlia,Hiddsley,dhiddsley3f@timesonline.co.uk,811-226-4923,3546560409493721,7247161395,1036.54,626.1
7950,Drucy,Kerman,dkerman3g@usatoday.com,701-135-3105,56022181211077262,3156662119,1063.07,1087.75
1568,Rowen,McCurtin,rmccurtin3h@sitemeter.com,512-469-0318,3546686542143780,5814823120,1046.9,357.64
8586,Becca,Dolman,bdolman3i@furl.net,617-335-0639,3567048738006970,3215106362,1018.77,450.45
4024,Stanton,Pedgrift,spedgrift3j@state.gov,798-725-5803,3542596692304831,2098574610,19.75,1632.24
3528,Domini,Tropman,dtropman3k@dedecms.com,936-803-1013,5507543139617597,7612631132,461.78,1200.42
8886,Arman,Jarratt,ajarratt3l@phpbb.com,321-287-6656,4175000028034255,9908315882,1726.84,1369.46
8952,Candida,Brambell,cbrambell3m@diigo.com,769-229-7447,3530672650072373,1005635954,1220.63,1619.34
8749,Dorotea,Eccleshare,deccleshare3n@flavors.me,387-743-2164,4905253493269172,3912087557,1978.22,76.15
3447,Forester,Decort,fdecort3o@wunderground.com,877-942-8921,3534960042594493,1253514090,85.98,1378.61
8927,Jewell,Elwell,jelwell3p@shareasale.com,617-106-7461,5602220626572551,1325309950,512.95,185.69
6336,Neddie,Shimmings,nshimmings3q@howstuffworks.com,895-595-5363,3534970261551314,8998607113,1721.53,1081.83
3707,Jsandye,Feldklein,jfeldklein3r@storify.com,795-440-6669,5641824366442615360,5943349489,1671.5,1272.48
4724,Neysa,Caffin,ncaffin3s@google.cn,563-874-5185,3582248170124239,1962829419,1962.27,1126.7
7738,Casandra,Fosse,cfosse3t@infoseek.co.jp,911-354-0885,349616576261328,2672029078,554.36,737.41
7444,Gilbertine,Decruse,gdecruse3u@nasa.gov,696-797-1606,3587473947775205,9825166690,1360.58,1056.19
8350,Jilly,Ferriday,jferriday3v@e-recht24.de,461-889-7077,3551272707918498,1361563840,1895.2,1905.39
7718,Riordan,Twinbourne,rtwinbourne3w@123-reg.co.uk,939-493-7521,5602243589124269,1836553121,1169.7,93.91
5707,Kailey,Ivanyushkin,kivanyushkin3x@over-blog.com,992-646-1985,3546924782180299,5146586465,347.14,998.03
6848,Ramsey,Mowbury,rmowbury3y@psu.edu,907-654-5985,3549554543944472,8651067011,1421.56,1473.9
1215,Hervey,Everest,heverest3z@cafepress.com,231-747-1562,30469162658448,3294314834,1214.87,92.38
1729,Frederica,Petrulis,fpetrulis40@vk.com,126-710-2118,5048375505297605,5537411658,329.57,1177.25
1425,Ray,Immins,rimmins41@senate.gov,239-590-6562,30585518602432,3391312567,1759.97,810.39
4291,Salem,De Bell,sdebell42@delicious.com,713-164-9540,3571660250281593,2786277827,835.16,1491.25
8308,Ronnie,Arnaudet,rarnaudet43@digg.com,452-548-4447,676253705065587060,4978130330,1674.04,1547.3
2196,Gale,Parkisson,gparkisson44@myspace.com,834-956-4919,4913000373300878,2292834540,1186.67,1905.03
7235,Giacobo,Cokayne,gcokayne45@mail.ru,347-155-9698,30432732771950,2148525530,1231.01,1011.36
7267,Murray,Seston,mseston46@de.vu,946-998-5845,3583021749752759,4804332538,1185.32,1530.71
8877,Charyl,Colthard,ccolthard47@xinhuanet.com,226-491-5321,3586555976913672,6488180392,1624.59,1486.71
5411,Tove,Palatini,tpalatini48@so-net.ne.jp,963-328-7835,3535715910032508,3434362910,269.36,1932.37
5404,Rick,Palfrie,rpalfrie49@msu.edu,642-848-3740,5020570060601963785,4574384538,516.1,587.14
4589,Yolanthe,Browning,ybrowning4a@reddit.com,439-378-0567,676712241683421982,1893330809,1340.9,1922.87
2448,Shane,Hein,shein4b@seattletimes.com,684-776-0209,3558162539967461,3987511634,1435.68,116.69
3714,Jillana,O'Shavlan,joshavlan4c@addtoany.com,903-679-5781,201721210975361,5446090704,671.75,1876.73
4506,Ivette,Heasly,iheasly4d@deviantart.com,760-208-0784,3570705584311821,4857497137,22.16,401.38
1230,Massimo,Stagge,mstagge4e@nasa.gov,259-752-5417,5470428610963202,3735877444,1411.18,661.11
8137,Cari,Plumb,cplumb4f@house.gov,851-698-3859,490327190639517364,8336742474,1856.29,637.35
4279,Charo,Vasyatkin,cvasyatkin4g@icio.us,407-105-5029,6761143178894106700,8864698104,1554.11,1259.14
5359,Mignonne,Jardin,mjardin4h@bizjournals.com,332-574-4441,4405796005774308,1283859110,154.27,51.46
8995,Yoko,Dutnell,ydutnell4i@hatena.ne.jp,902-469-4516,30525385102082,7671576068,1647.09,286.04
1256,Sybille,Doey,sdoey4j@ucla.edu,413-337-5315,3538382008183292,7123971911,666.24,440.67
1437,Mic,Chantillon,mchantillon4k@indiegogo.com,130-623-3976,4913222617605355,4614510081,1951.74,536.31
7563,Ameline,Piddington,apiddington4l@comsenz.com,419-869-4005,3551293938091483,6915642750,975.37,517.74
8796,Ricki,McTerlagh,rmcterlagh4m@shop-pro.jp,335-282-8788,30386354488568,9036712648,463.75,1174.55
8492,Verna,Savoury,vsavoury4n@vistaprint.com,823-586-8509,4936048957691445262,4525037781,702.92,317.67
1617,Anson,Gettings,agettings4o@sphinn.com,577-373-9626,3573061055189461,5454926004,1352.12,1297.52
2699,Jorey,Cribbott,jcribbott4p@huffingtonpost.com,183-430-7020,5179215911550737,2213652575,382.53,1321.57
5030,Kliment,Yurinov,kyurinov4q@xinhuanet.com,490-641-7559,6334521586862034563,7932196472,1858.66,315.68
8638,Hunfredo,Moppett,hmoppett4r@state.tx.us,709-683-3185,3535152293715238,9967134802,990.12,1829.77
2217,Ashlin,Ugo,augo4s@is.gd,312-248-0027,5520986579806092,5177991549,1615.93,1162.85
6130,Any,MacPhail,amacphail4t@sphinn.com,862-440-9797,5260189632239203,1795632559,1961.83,1431.63
5407,Pauly,Cassels,pcassels4u@tumblr.com,362-888-9914,3574234880115758,3797527949,793.4,928.83
6789,Trixie,Hewlings,thewlings4v@google.ca,242-603-0966,374622840507353,6206161005,916.01,461.4
2911,Verine,Lorant,vlorant4w@statcounter.com,289-849-9964,3586297192977831,5026382585,605.94,557.32
1888,Gabbie,Hubbucks,ghubbucks4x@printfriendly.com,303-953-7356,374288060693321,7867442933,126.01,1110.02
4394,Nolan,Sapena,nsapena4y@go.com,573-377-7294,5641824388002038478,7555902590,324.32,1888.35
4506,Giovanni,Eccersley,geccersley4z@bloglines.com,110-736-4747,3557445501492704,2941508990,1335.87,1747.59
2385,Ardelle,Lumpkin,alumpkin50@joomla.org,848-229-6887,5602259215189682,6489236302,1951.54,798.4
2371,Isador,Trassler,itrassler51@usnews.com,257-185-8587,3589999327074130,2874551655,694.01,201.84
3922,Giffard,Trevains,gtrevains52@nydailynews.com,290-689-9124,3570211617852030,1921943931,718.95,1424.27
6345,Caitrin,Eathorne,ceathorne53@irs.gov,926-526-6875,201990632079538,6196506080,128.58,527.46
2515,Bat,Van Arsdall,bvanarsdall54@gnu.org,451-747-3693,3554414031837138,2383089965,31.29,295.57
6646,Georg,Pettengell,gpettengell55@chronoengine.com,303-105-8395,3547760048754686,4126942361,1627.62,383.4
6607,Janeta,Tomkiss,jtomkiss56@ocn.ne.jp,550-785-0382,6331103101973682,3444279516,929.9,1133.23
6114,Kerry,Ingledew,kingledew57@dailymail.co.uk,415-132-1708,3550094652698011,6983866949,829.01,680.28
2352,Devon,Laugier,dlaugier58@cyberchimps.com,308-276-8517,3578602541897129,8427008574,340.74,718.02
8765,Rockie,McBain,rmcbain59@woothemes.com,169-653-8958,3530236291162439,5271787351,1628.45,206.5
7809,Morlee,German,mgerman5a@elpais.com,942-142-1499,3577089827667668,7256978734,1550.21,77.84
5485,Christyna,Kohlert,ckohlert5b@oracle.com,463-708-9518,3540797654002106,7577181658,1313.81,180.37
5494,Gusella,Deners,gdeners5c@pagesperso-orange.fr,717-569-2717,3537571867024628,8629472078,221.08,1696.52
1649,Marcus,Nipper,mnipper5d@blinklist.com,412-657-2706,3535132790088743,7808215957,985.97,946.36
8927,Lissy,Feighry,lfeighry5e@prnewswire.com,473-590-8074,5100147747272737,1654870256,459.74,1051.55
4130,Chanda,Cromblehome,ccromblehome5f@ifeng.com,223-915-8967,4405039350679560,2173085389,1482.76,610.15
4653,Vinita,Allott,vallott5g@list-manage.com,693-583-9680,3549322443034210,3826483902,1127.88,171.99
8674,Courtney,Blazeby,cblazeby5h@over-blog.com,558-575-4926,560221591242482846,3141436872,667.55,1065.6
6216,Josie,Tonn,jtonn5i@nasa.gov,677-689-9992,3558658680024135,7383613973,1435.25,796.01
5954,Eduino,Center,ecenter5j@europa.eu,229-170-2408,3576313420469020,4579745480,1751.86,1801.52
4986,Yolanthe,Jerrolt,yjerrolt5k@microsoft.com,915-769-6103,3539606344664832,7982423748,1651.46,972.84
5688,Quentin,Marthen,qmarthen5l@networkadvertising.org,983-235-3047,3556166418158458,8539480765,709.99,1226.78
3090,Delphine,Ridpath,dridpath5m@bbb.org,240-485-1731,561030910021627422,7474424599,1871.28,1788.5
8870,Maure,Eddison,meddison5n@over-blog.com,792-499-5824,6706391911768197,9037966796,1101.34,825.14
6147,Roderich,Oxford,roxford5o@dion.ne.jp,220-829-2378,374178883550677,7126116447,317.88,284.21
6136,Andria,Hawkin,ahawkin5p@va.gov,302-288-6126,4041377396981,6873520998,786.51,1262.81
8761,Kathie,Hairyes,khairyes5q@netvibes.com,434-381-7981,201574135830579,9801502402,112.4,625.48
2468,Charmion,Cesco,ccesco5r@spotify.com,321-941-5507,56101655937395623,7239376052,352.31,1557.88
3781,Reed,Coolson,rcoolson5s@slate.com,445-780-2492,5100146287098429,3047055135,23.44,1862.65
7094,Avie,Border,aborder5t@devhub.com,401-861-3929,374283350620985,8564251654,1031.55,1106.43
2558,Myriam,Tolerton,mtolerton5u@baidu.com,370-879-8303,5602257481326277,4609317662,1549.4,42.09
6420,Petunia,Lopes,plopes5v@deviantart.com,779-965-6033,3569032332265784,4928899178,1817.04,773.54
7456,Dona,Corless,dcorless5w@yahoo.co.jp,857-491-4057,3538097323884511,8849048725,760.85,1544.71
5040,Hewet,Ansty,hansty5x@auda.org.au,890-206-9412,3583952552130669,2155574674,649.53,460.97
2407,Jeddy,Arnison,jarnison5y@amazon.co.uk,576-695-8957,3552777389225268,2667261472,231.35,185.35
2364,Rock,Grassin,rgrassin5z@webs.com,970-434-3582,3556685868685157,8935557404,516.38,576.84
3612,Issi,Cobelli,icobelli60@dyndns.org,921-794-5391,6759010920331470973,7516597572,630.73,756.23
5343,Bartholemy,Stampfer,bstampfer61@bandcamp.com,771-797-4159,5100174653970336,4129186668,1915.73,1584.13
4005,Reginald,Jewett,rjewett62@sciencedaily.com,230-349-0223,201496724078636,7415810195,1287.49,1828.54
2696,Cayla,Le Marchant,clemarchant63@berkeley.edu,865-913-0862,3584829308810423,7752677437,1851.7,969.78
1625,Selig,Vondrak,svondrak64@gov.uk,109-560-6556,3585592349979230,4368668872,1378.45,1920.62
2746,Marlie,Eake,meake65@cbc.ca,480-122-2086,5100176319750663,8818528248,646.89,966.14
5657,Genevieve,Venmore,gvenmore66@ebay.co.uk,367-973-0627,374283404076093,4548979319,888.57,423.05
5115,Renard,Blakely,rblakely67@gravatar.com,911-669-3043,3572342226016028,2239242505,1123.25,1310.12
5060,Pablo,Robinet,probinet68@jalbum.net,264-924-8092,372301313820641,1496123149,680.04,785.01
3959,Joy,Callis,jcallis69@yahoo.co.jp,441-757-0344,5602245798009876,8382002834,966.05,1818.02
1751,Shayla,Jurewicz,sjurewicz6a@phoca.cz,372-221-0325,374622353384240,5102393377,1533.96,1835.35
5995,Rhett,Bateman,rbateman6b@businessinsider.com,111-548-6705,201403919217573,5342218953,1024.84,1458.21
4653,Holt,De Micoli,hdemicoli6c@tripod.com,229-587-8228,3559451157025234,7852270437,1887.97,1895.0
2654,Zsazsa,Foulger,zfoulger6d@army.mil,663-247-0682,5436286517455976,3104644948,1860.04,1568.45
8561,Lane,Honniebal,lhonniebal6e@china.com.cn,352-412-4781,6304930254347206912,3989515842,1868.98,749.69
3445,Rolland,Vondrach,rvondrach6f@hubpages.com,610-552-7548,3540844322051725,9684710270,1188.48,1743.47
7801,Iver,Baiyle,ibaiyle6g@artisteer.com,593-505-4426,6373324313008849,6624176610,1650.23,745.74
6107,Meryl,Batch,mbatch6h@bandcamp.com,799-151-5686,201729968938549,4416547218,1646.81,3.89
1713,Andra,Lagneaux,alagneaux6i@exblog.jp,591-683-1450,6378653584457664,4984885222,1024.42,1150.83
6657,Rebecka,Dives,rdives6j@tumblr.com,583-964-9973,3541402121443921,5474959476,41.49,1128.97
7782,Amery,Di Biaggi,adibiaggi6k@etsy.com,635-838-3303,4405554792830217,8616851997,797.1,694.15
4731,Lynde,Langer,llanger6l@joomla.org,600-866-7751,30037556788095,1341886322,886.99,1914.25
5246,Gaile,Pilling,gpilling6m@yolasite.com,861-397-2553,06049293046181088,7329214237,1599.95,222.5
1529,Marlyn,Moreing,mmoreing6n@mapy.cz,929-799-1626,4844667235552716,5327115635,375.19,1581.62
2822,Abby,Harbron,aharbron6o@blog.com,138-613-3080,3530801217968407,8468422520,1600.93,1954.17
1097,Zach,Houtbie,zhoutbie6p@mayoclinic.com,176-289-3441,56022108821634711,2951616817,375.67,1870.61
2781,Cookie,Wheldon,cwheldon6q@hubpages.com,144-865-3903,630434209799910531,1733334706,231.08,1819.74
5807,Palm,Chesher,pchesher6r@bloglines.com,614-282-9892,56105490132696047,4364873832,805.8,1351.13
1634,Roshelle,Marcinkowski,rmarcinkowski6s@mac.com,132-962-2982,3530119822388121,3914034219,1835.45,584.15
1262,Cecilla,Loche,cloche6t@chronoengine.com,241-949-4361,5602253483989899,6482777140,1910.8,1911.22
2416,Merill,Pymm,mpymm6u@cbc.ca,985-438-1411,4911451235586232,2502134867,1432.94,1648.09
8877,Brigid,Haggie,bhaggie6v@mtv.com,403-466-2210,3589920525281376,4958298539,1686.84,139.81
4950,Emerson,Deeson,edeeson6w@businesswire.com,795-679-3079,6331107387275217,5263668614,1703.48,505.82
6835,Lenka,Castelli,lcastelli6x@baidu.com,708-964-7352,374288415422749,9015989905,1396.11,1863.0
7320,Vic,Rendell,vrendell6y@sciencedaily.com,710-756-1882,5002355463757448,4012348377,38.84,405.75
1976,Patty,Biskup,pbiskup6z@buzzfeed.com,753-327-0867,3544592011565499,3403530551,940.11,922.88
8992,Dick,Jagg,djagg70@reddit.com,431-741-9888,3587784793838644,2958513485,995.76,766.86
5653,Cameron,Folger,cfolger71@tinypic.com,318-287-7949,4175005737899518,5454448793,1404.19,1484.45
8860,Celestia,De Lacey,cdelacey72@google.pl,337-290-8075,3566902164176544,7702912687,1065.05,734.87
4051,Danell,Bendixen,dbendixen73@nba.com,910-314-0618,4913918169418895,5024859095,249.1,1828.4
5441,Aaren,Wudeland,awudeland74@marriott.com,950-205-1893,67632820274709175,6677971228,1736.49,756.38
5600,Reynold,Alonso,ralonso75@w3.org,158-453-8526,3581122076934390,1009817030,776.31,1718.35
3254,Chevy,Shoutt,cshoutt76@dropbox.com,447-544-4775,3543866657839405,9911854875,786.49,644.68
4347,Adam,Gwalter,agwalter77@ihg.com,974-492-2927,3530826841411425,3048675740,1647.99,1909.67
6875,Keely,Shinefield,kshinefield78@state.tx.us,538-823-8711,6706034615873358346,7657726112,1320.95,894.28
4293,Tilly,Fairfoot,tfairfoot79@nydailynews.com,567-203-6332,3580014322080899,1828576286,625.19,896.26
4767,Romola,Jachimak,rjachimak7a@yandex.ru,286-554-5997,30556126203145,6989540956,1319.32,437.77
1193,Olivia,Rowley,orowley7b@baidu.com,918-326-1668,4041590341061,2529565971,16.27,1573.65
6745,Morton,Masterson,mmasterson7c@tuttocitta.it,590-705-1474,3538290563759085,5987015014,833.88,468.38
2154,Ephrayim,Olijve,eolijve7d@businesswire.com,618-771-2271,6376702908494234,1308869233,826.72,755.29
5835,Nanete,Masters,nmasters7e@sphinn.com,127-675-2716,3566397678463316,3933902985,630.91,1306.67
2959,Forrest,Perle,fperle7f@google.com.hk,390-546-2083,30348765326423,6066884826,421.51,1117.68
3975,Karlee,Torrese,ktorrese7g@theglobeandmail.com,762-264-4888,201712340412433,7004016314,136.09,1672.67
7854,Alwin,Tytler,atytler7h@dailymotion.com,703-953-9948,3532099136337683,7122753938,1478.66,1888.56
2143,Avictor,Bompass,abompass7i@nba.com,223-664-2548,4405758062481292,3995075072,1331.31,1973.55
5107,Bordy,Olin,bolin7j@mapy.cz,830-180-8705,502076305234178819,3031244088,1881.25,954.06
2633,Phillipe,Jerome,pjerome7k@geocities.com,695-764-5780,3532881149052528,8259585444,49.16,1914.18
6872,Kurt,Dollard,kdollard7l@arstechnica.com,447-389-4370,201900354902809,1655867142,557.29,99.2
3883,Emmey,Kynnd,ekynnd7m@apple.com,104-430-1718,3555590934485775,2463405404,1717.73,66.95
8847,Lea,Cato,lcato7n@php.net,118-634-0917,6379616786546484,8053098581,62.46,1705.85
1538,Gracie,Rachuig,grachuig7o@people.com.cn,354-897-2208,3558163432380505,9455057226,118.12,825.43
5506,Kathrine,Ferrarotti,kferrarotti7p@yellowbook.com,630-358-6681,3577829059567114,4257464679,1310.68,166.01
1530,Shurlock,Russe,srusse7q@1und1.de,279-642-9281,5108751766106049,3045554958,1402.57,1019.73
2908,Nonnah,Everitt,neveritt7r@angelfire.com,667-833-7463,3559616487307417,2137407393,1086.71,1959.14
4553,Devy,Finicj,dfinicj7s@xing.com,871-999-0893,3568677695767452,2421048508,252.87,605.76
1282,Amandi,Dolligon,adolligon7t@ow.ly,169-901-2253,3586413907588199,1374802531,1901.06,23.48
3284,Eward,Kienlein,ekienlein7u@virginia.edu,218-396-3065,4137165771545216,6413263073,868.89,1474.18
4427,Harriott,Bowser,hbowser7v@gmpg.org,221-332-2591,675904976646911302,5713589635,1292.95,1883.14
5560,Dominik,Hillock,dhillock7w@reverbnation.com,528-223-0474,6395789224997203,3649263762,1373.69,1901.23
6618,Valina,Stratten,vstratten7x@tuttocitta.it,805-654-9543,6382950876473019,4813524345,1484.73,1798.65
2453,Kimbell,Purkiss,kpurkiss7y@loc.gov,130-789-7251,3587814404873571,6343735161,997.33,1496.48
2104,Rubi,Lorey,rlorey7z@histats.com,341-583-0614,5002354228670327,9574686498,1767.75,1926.33
7383,Tadd,Ibbotson,tibbotson80@utexas.edu,200-431-5385,5100140914843406,6028139591,542.88,524.53
6216,Catlaina,Filipchikov,cfilipchikov81@goodreads.com,501-140-4770,6759820265580636068,2174664080,1007.21,1307.49
2064,Friedrick,Whitmore,fwhitmore82@wiley.com,674-600-5466,3574018195646767,7382651703,345.59,1811.39
6680,Janenna,D'Hooge,jdhooge83@businessweek.com,223-969-1826,3554636553373015,1556607489,1983.35,1033.29
1992,Isadora,Livings,ilivings84@reuters.com,602-220-0115,3551973664393886,7846879240,377.27,1252.97
8900,Ailyn,Alwell,aalwell85@google.fr,702-711-7448,3544270746251780,3477522562,773.75,1309.79
4902,Darin,Minchin,dminchin86@a8.net,721-343-0588,3574957055678438,1412980070,1090.43,1057.92
4534,Tabb,Stefanovic,tstefanovic87@stumbleupon.com,810-126-5279,060412006144085795,2192706693,605.42,1103.43
3709,Leena,Mishaw,lmishaw88@indiegogo.com,625-988-8139,3574218895326625,6799354090,1381.84,476.35
2117,Jude,O'Ferris,joferris89@myspace.com,973-628-2249,3539092890789168,3922922974,647.99,31.95
3691,Clara,Armatage,carmatage8a@apache.org,883-312-2196,3558641252116232,9266518012,597.94,40.79
5734,Idalina,Oen,ioen8b@furl.net,823-192-6840,3529133611548822,6622789500,1517.33,519.23
5363,Carri,Brosini,cbrosini8c@bbb.org,392-688-5980,201866673703436,4385818422,415.61,1143.93
2607,Caron,Branston,cbranston8d@yelp.com,361-137-1097,36311879399094,7503509870,586.9,760.7
6585,Klarika,MacInherney,kmacinherney8e@typepad.com,538-294-5248,5610404796126477,3898661211,435.92,167.6
3417,Eward,Rosborough,erosborough8f@forbes.com,267-278-5454,201689142686374,3136900758,6.49,217.06
8627,Leanora,Conneau,lconneau8g@census.gov,895-537-8676,6761763548035608,1708374658,1528.19,653.57
1342,Lizette,Pennycuick,lpennycuick8h@tripadvisor.com,278-943-3811,4508034433453055,2762021266,128.51,414.64
8734,Dorelle,Cresar,dcresar8i@europa.eu,646-520-9187,6763321565906710,4243152359,1947.6,276.49
8957,Lacee,Windham,lwindham8j@reddit.com,149-406-7609,374288249688606,6064111457,1979.58,1166.42
2966,Maurise,Rowlinson,mrowlinson8k@reuters.com,584-114-0015,5436324494133314,2542617234,681.72,1356.98
1645,Jared,Goschalk,jgoschalk8l@go.com,846-662-0543,3554719263914839,8433568871,1635.49,361.82
8759,Lily,Braniff,lbraniff8m@fastcompany.com,406-725-9434,5893161517756317,4503256725,1482.26,311.23
4819,Zarah,Cleaveland,zcleaveland8n@google.com.hk,229-638-0240,3575155843346454,9848938348,938.2,1442.53
7373,Matthiew,Challes,mchalles8o@comcast.net,857-771-2106,30468588402258,2934637044,1217.22,1112.92
8134,Germaine,Antuoni,gantuoni8p@hhs.gov,232-552-6428,201814120913653,6305006261,750.47,1649.04
3172,Vinson,Bolam,vbolam8q@webnode.com,382-956-8969,30029389547160,4185896547,179.1,1624.2
7162,Christiano,O' Brian,cobrian8r@ycombinator.com,376-347-2814,4405448062834365,7564919677,44.75,1467.01
3105,Damita,Fripps,dfripps8s@bbb.org,248-637-9124,676293196275348760,4413287677,1325.89,1572.43
8221,Domenic,Domino,ddomino8t@hud.gov,766-824-8197,5108754797073774,2031066715,1348.78,898.07
7748,Matthus,Dallas,mdallas8u@livejournal.com,446-810-2519,3544981229425531,2657602976,1882.62,561.04
6100,Tiphanie,Kevane,tkevane8v@gov.uk,396-580-6709,5571589775295108,4039190916,403.99,624.98
3041,Saidee,Pellington,spellington8w@yelp.com,191-688-7443,3557491702049349,4836853227,1909.98,840.54
4814,Giselle,Turfus,gturfus8x@comcast.net,844-878-7216,3555418170153206,1997030382,1737.93,1278.89
5243,Shirlene,Gorthy,sgorthy8y@tmall.com,998-923-5098,3560013427370472,8998672918,153.33,1148.63
1345,Riccardo,Iashvili,riashvili8z@skype.com,327-897-4314,670969277355099121,3385071530,447.89,1557.77
4508,Fredia,Petrazzi,fpetrazzi90@goo.gl,471-871-7273,3563311934202866,4552207738,271.15,326.68
5038,Eleonora,Lambe,elambe91@tmall.com,824-212-3147,3585679335971287,5137426651,1002.32,1465.86
4322,Joyann,Oager,joager92@wired.com,993-392-1887,374288048025158,8072478853,635.9,38.9
8078,Nedi,Densie,ndensie93@sphinn.com,299-392-0330,3553522345727646,1237975526,1313.82,163.46
1876,Tonnie,Biggerdike,tbiggerdike94@prweb.com,489-978-2084,3589057256747919,5441231097,1263.44,876.9
1274,Moore,Eidler,meidler95@economist.com,620-906-6711,4936532406507347166,2736457896,1245.03,1987.96
3280,Meredeth,Brendish,mbrendish96@usa.gov,473-112-4300,3579067460969284,9211391630,556.05,36.86
5602,Ewart,Danett,edanett97@ucsd.edu,726-466-0691,6370484032146180,2077693123,649.2,1492.27
6025,Leola,Eaglestone,leaglestone98@cbslocal.com,553-382-6014,6709864937718494006,2394718036,1689.54,1685.82
6281,Lalo,Allcoat,lallcoat99@soundcloud.com,215-590-3052,4913188596086760,1875683402,1762.23,1937.35
5304,Engelbert,Ferrant,eferrant9a@yolasite.com,663-826-0529,5602227639568856,2455897601,31.52,771.56
6506,Effie,Mauvin,emauvin9b@illinois.edu,459-208-4818,3540116639171292,2444848738,950.09,1772.45
6022,Darin,Gudge,dgudge9c@gizmodo.com,656-798-1355,3587080785641694,3285738004,319.14,1825.5
6892,Bartolemo,Truggian,btruggian9d@reference.com,347-606-5025,5893220510811988364,3245060373,857.23,453.31
2317,Belita,Pacher,bpacher9e@theatlantic.com,312-218-1958,3569094585108921,2256429141,341.53,1371.73
4920,Wallache,Duetschens,wduetschens9f@marriott.com,207-288-2569,5100147272858827,1211228618,801.25,626.36
4701,Irita,Krzyzowski,ikrzyzowski9g@paypal.com,760-585-5838,3573748549493398,2792430095,438.65,1967.33
2689,Trixy,Tingley,ttingley9h@infoseek.co.jp,989-734-4506,3541619561911246,9433265078,1218.25,662.74
7195,Teresa,Grass,tgrass9i@phpbb.com,797-933-1245,3555537429172012,3444013584,985.86,1258.6
4355,Danica,Banyard,dbanyard9j@reddit.com,352-204-5102,3571249435176439,8713260548,924.34,100.87
3986,Aggie,Wissbey,awissbey9k@baidu.com,892-135-1239,6372344523400108,7666870682,661.94,1167.78
5215,Darwin,Roswarne,droswarne9l@taobao.com,703-360-8320,4041592143339280,6877531472,806.87,269.49
2941,Jemmy,Enderle,jenderle9m@google.de,162-478-6646,374288916162489,5306119229,709.04,1913.14
7468,Dennie,Hayhurst,dhayhurst9n@examiner.com,942-468-4112,337941906041313,1366100822,1980.05,566.57
8393,Shanta,Davidof,sdavidof9o@github.io,213-697-2764,374283747488096,3066313441,514.51,89.71
3411,Mic,Hollington,mhollington9p@dedecms.com,363-222-1609,6331104074876142,2365005257,1554.69,309.66
4453,Leia,Murt,lmurt9q@typepad.com,931-912-9038,589369482245939027,3562939430,1824.44,102.81
2173,Liz,Sadd,lsadd9r@nationalgeographic.com,858-604-8780,3547615281521913,2263148746,1241.0,894.1
1075,Jeno,Wye,jwye9s@stanford.edu,123-989-9949,5602215447282471,8488285399,1084.3,759.77
2851,Rodolfo,Whittles,rwhittles9t@ask.com,237-927-0836,6706946040738120,4559510123,653.93,672.45
2542,Olive,Marchiso,omarchiso9u@webs.com,728-124-6986,676760687769840696,5468675703,1513.29,843.27
3682,Brandyn,Whitebread,bwhitebread9v@nationalgeographic.com,350-847-0112,372301565494327,9844902685,1090.52,1794.71
7541,Jarib,Caulkett,jcaulkett9w@360.cn,946-777-7011,346224296737413,8926852988,515.83,1683.48
7267,Evania,Logan,elogan9x@usda.gov,653-806-0071,3529111773598512,2637963601,1923.21,1099.0
1499,Richmound,Martello,rmartello9y@seesaa.net,925-929-3868,5602231693595030389,1629193099,245.08,602.93
5884,Muriel,Ravelus,mravelus9z@sitemeter.com,689-629-3977,3544104573856363,8397449506,1842.0,254.17
3742,Dorotea,Jent,djenta0@vinaora.com,687-684-8940,3571263243730436,2944212791,1575.93,392.85
7117,Branden,Petrakov,bpetrakova1@blog.com,646-345-4682,6399707711163143,3425270037,1824.87,326.4
7718,Edik,Crosetto,ecrosettoa2@nps.gov,939-585-7335,3562392085372832,8642070894,258.17,1437.07
1051,Turner,Ewebank,tewebanka3@nationalgeographic.com,581-630-8223,6304503232468390,7183417905,956.0,767.37
6804,Ibrahim,Abram,iabrama4@desdev.cn,359-263-1051,3566995388092026,2607412131,1732.81,333.67
2481,Chaim,Linscott,clinscotta5@craigslist.org,510-808-9055,67610318546439107,8054667954,1632.01,1258.69
1408,Erina,Borrill,eborrilla6@drupal.org,138-211-7714,5481828664134690,2187744280,112.99,1371.33
2964,Lilah,Frensche,lfrenschea7@alibaba.com,626-244-1349,3537408703981044,2855838360,712.51,125.51
3988,Verne,Shenton,vshentona8@t.co,371-384-6535,5602211781480490,9129252805,491.53,1051.33
2008,Verile,Mandre,vmandrea9@sakura.ne.jp,805-829-6158,4508628253481391,1099469780,1662.0,590.11
2220,Dru,McLagain,dmclagainaa@instagram.com,730-652-5680,3540372595992201,5145873175,228.15,1386.99
6587,Ethel,Elderton,eeldertonab@com.com,864-181-5358,201404486390009,9723235611,1203.42,1370.62
4408,Andre,Stamp,astampac@godaddy.com,414-932-1333,3566958197763153,3879404631,725.63,1664.32
7427,Klement,Neagle,kneaglead@admin.ch,970-643-8364,3557915302790258,1789333261,84.68,457.21
7367,Krystal,Algy,kalgyae@europa.eu,277-814-8943,3532392667124293,2936532347,400.09,1487.57
4838,Nanci,Viles,nvilesaf@harvard.edu,636-675-4989,5137447229818826,1588492589,1634.32,683.43
7033,Eberto,Bester,ebesterag@furl.net,897-640-1602,5602225678288802846,7841233312,580.7,259.81
4626,Tab,Rosellini,troselliniah@edublogs.org,932-103-5671,3561109022768182,8515291500,1606.6,736.11
3281,Thurstan,Walklate,twalklateai@yahoo.com,237-792-6494,6381390321759566,9715238045,985.59,1851.64
7346,Melita,Le Gall,mlegallaj@usda.gov,222-622-2658,6767528667004623804,4339486251,1173.4,214.0
1786,George,Wardhaw,gwardhawak@wisc.edu,516-735-4054,4903098539728364,5959712916,586.45,988.54
5021,Jackie,Rubroe,jrubroeal@geocities.com,770-162-0470,5602239508778235,5655954914,564.04,317.4
4214,Christian,Wimbush,cwimbusham@webnode.com,768-285-0471,4405132790500874,5641135303,852.03,827.19
5784,Graeme,Cliff,gcliffan@scribd.com,826-326-1203,3534542682378088,4479685311,933.26,1920.56
1149,Toby,Hanratty,thanrattyao@nymag.com,836-877-7217,3533504452062442,2104077326,991.65,1582.04
3558,Carr,Hampshaw,champshawap@msn.com,819-655-0827,3537874349882567,1036362597,907.41,1887.62
8958,Meggie,Stranahan,mstranahanaq@usa.gov,139-293-1917,56022427846885474,4787502019,676.73,1212.81
5049,Lorrie,Pexton,lpextonar@howstuffworks.com,615-174-9520,56102055828781347,8441442105,389.28,1760.64
3373,Herrick,Gebuhr,hgebuhras@jigsy.com,472-109-4151,3581348133932479,4851470261,1816.55,320.84
4572,Sutherland,Cappineer,scappineerat@senate.gov,825-533-5813,4041594263824,9765370571,1817.07,1609.86
3245,Tyne,Gasson,tgassonau@chronoengine.com,808-772-8481,3573315943365133,7693018098,1251.69,1802.44
1958,Ardisj,Brumble,abrumbleav@nsw.gov.au,949-940-7138,30547065966586,1831157602,1565.11,1123.51
1432,Boris,Mariner,bmarineraw@skyrock.com,577-452-6805,3567561455822353,7596068483,60.09,1674.99
3069,Brendan,Nunson,bnunsonax@comcast.net,243-610-1773,3587779819921580,4039907950,655.54,1253.78
6299,Nydia,Byres,nbyresay@list-manage.com,835-845-6850,3529676634423886,3358878507,957.51,659.21
5674,Malorie,McLenahan,mmclenahanaz@unicef.org,686-994-9207,5610020617121511,9398481539,625.92,1038.88
4030,Genvieve,Yesinin,gyesininb0@acquirethisname.com,298-418-6897,6331108693324111,7401991195,39.16,873.62
1634,Lyn,Crapper,lcrapperb1@yale.edu,313-448-5314,3551116565398741,8306137144,242.16,182.4
7754,Paquito,Dowles,pdowlesb2@ebay.co.uk,252-647-7883,6334565688668090,4503723484,1311.52,1990.52
6995,Gaylene,Trythall,gtrythallb3@spotify.com,164-794-3939,3530364186609536,6243615847,576.72,369.75
8358,Nyssa,Caillou,ncailloub4@cam.ac.uk,822-852-0823,5602243990356757,5101178805,420.51,1489.67
8002,Melly,Cavey,mcaveyb5@boston.com,627-462-5310,5108759004133014,2504988280,423.97,1306.92
3795,Madelina,Barti,mbartib6@youtube.com,540-665-6374,50203581465762093,9798235334,70.88,1445.64
1421,Barn,Kennham,bkennhamb7@digg.com,581-525-6301,4917062026025498,6913330149,681.1,618.36
7422,Leese,Cardozo,lcardozob8@wikispaces.com,433-783-9802,3529478235828336,1857140394,1301.2,1574.87
2153,Shayne,Pole,spoleb9@opensource.org,109-205-8191,4041375335593488,6289071678,1210.63,268.57
2622,Ynez,Tinson,ytinsonba@wikipedia.org,159-306-1834,30446767151201,5598044146,387.87,706.23
5374,Dew,Makiver,dmakiverbb@prnewswire.com,264-304-7382,3560431056101150,8903481284,47.15,1959.28
3616,Almira,Trittam,atrittambc@loc.gov,463-603-2504,3580495899879104,3863441985,1117.84,60.15
2435,Janeva,Fieldhouse,jfieldhousebd@angelfire.com,316-998-6848,4017954079748118,2589245919,570.49,735.42
3780,Oralia,Di Filippo,odifilippobe@google.cn,422-499-7947,5602247002592127,7173567304,1272.02,1498.97
1575,Ardeen,Phillipp,aphillippbf@upenn.edu,805-287-2057,201925927012901,2549905679,344.67,1238.87
4059,Fee,Roxby,froxbybg@washingtonpost.com,846-990-8424,3579676171113188,9686308551,1746.92,287.15
7760,Claire,Domico,cdomicobh@paypal.com,669-205-3496,5048370538285701,8389490415,1738.21,383.25
8627,Sandie,Henrionot,shenrionotbi@desdev.cn,301-867-0596,3533005951174241,8702078100,314.84,895.39
6617,Dunn,Godbald,dgodbaldbj@examiner.com,909-886-1320,201942081227647,7032100826,1236.37,1157.8
5349,Alisander,Flahive,aflahivebk@washington.edu,222-581-7376,3566828596499933,6796183185,8.69,746.12
2613,Vivyan,McRamsey,vmcramseybl@arstechnica.com,606-313-5436,5602257659754623,1885942298,858.8,1617.23
7519,Theressa,Schoffel,tschoffelbm@networksolutions.com,604-292-2812,676267887695936299,6782122102,391.96,919.3
3605,Chancey,Milnthorpe,cmilnthorpebn@ox.ac.uk,795-349-2001,670664683437057995,6678759726,1870.07,1954.03
3257,Chryste,Hadleigh,chadleighbo@odnoklassniki.ru,759-856-0160,201751959691499,2298665283,759.9,1188.82
1694,Nicolina,Weitzel,nweitzelbp@nationalgeographic.com,514-194-8318,560225085320222329,2598485667,1521.05,699.59
1685,Sheryl,St Quenin,sstqueninbq@blogs.com,384-558-4789,3544349619733098,9329289528,1117.28,1738.87
5097,Townsend,Skene,tskenebr@auda.org.au,845-407-5353,3569905663473996,4305972660,1725.43,1358.34
2971,Meaghan,Barnet,mbarnetbs@smh.com.au,847-698-1309,3569083666606044,4978359608,1369.43,1178.07
3454,Phyllys,Lawley,plawleybt@sogou.com,199-842-6690,3546960961347333,3849497755,1911.55,1521.06
2156,Dani,Petras,dpetrasbu@earthlink.net,223-615-2115,374622600594658,2138606608,1847.99,173.02
1087,Fayette,Zamudio,fzamudiobv@wsj.com,665-926-7656,3534764286377973,3166891427,1077.68,1869.1
5590,Greta,Gain,ggainbw@umich.edu,211-400-1954,3538998637082108,8392120916,949.84,513.04
4070,Evelin,Cansfield,ecansfieldbx@google.com.au,694-584-7592,3551538373633839,6946019615,355.69,788.06
6235,Clare,Gable,cgableby@prweb.com,188-495-4120,5610121517119249,3122855842,1891.28,654.55
8356,Bone,Flute,bflutebz@economist.com,755-639-5271,3579156088982058,5238408591,1976.02,143.77
5703,Goober,Lukacs,glukacsc0@mozilla.com,663-869-1082,5490311775360818,9608802299,200.77,1000.87
5826,Yard,Vickerstaff,yvickerstaffc1@census.gov,258-465-2053,5241897491622699,3371507466,1405.49,1414.08
3993,Damon,Parfett,dparfettc2@wikipedia.org,929-958-9247,3546939273905640,6954964921,256.9,1434.06
5520,Zak,Curston,zcurstonc3@cocolog-nifty.com,779-612-5727,5543896630505257,9405896840,10.85,1434.26
3081,Annis,Bew,abewc4@slashdot.org,143-229-3785,3532844821958529,8036096663,539.68,424.66
8161,Katie,Capes,kcapesc5@edublogs.org,399-746-8690,5602222545506520,1175865180,815.32,1915.24
7220,Analise,Baine,abainec6@state.tx.us,475-735-6554,3541773048325783,3343060879,1782.37,378.47
4840,Barnaby,D' Angelo,bdangeloc7@delicious.com,829-455-6940,3542034176125548,6282436672,277.94,777.32
1159,Abe,Imison,aimisonc8@princeton.edu,149-730-4925,3553817870557206,3214021085,1250.23,791.49
4335,Stephi,Heinrich,sheinrichc9@sun.com,847-857-4286,4017950906990,1338942981,1598.02,1442.81
7895,Lynelle,Pindell,lpindellca@techcrunch.com,526-212-0594,564182707937240757,6653547070,1103.29,572.72
2972,Gus,Clemont,gclemontcb@blogspot.com,283-559-6983,501895981442092207,8079051642,492.23,1091.82
1705,Kelsy,Bavester,kbavestercc@tamu.edu,565-755-3221,5100176553755543,8218647431,481.11,382.09
6399,Efrem,O'Doghesty,eodoghestycd@behance.net,574-348-4323,3533977077150521,8036784381,1798.75,1446.29
5464,Denna,Perrelle,dperrellece@merriam-webster.com,921-360-0267,36637894893715,6199760290,1824.09,333.54
6261,Marci,Boyn,mboyncf@pen.io,618-495-8765,3539312216107782,9953760412,1519.8,536.04
8723,Jeth,Mobbs,jmobbscg@hao123.com,807-982-1196,5602214571949716,8882707561,1349.58,36.84
2421,Stacey,Rodrigues,srodriguesch@sakura.ne.jp,343-316-6457,6767136503868251,5512213534,1825.75,1102.08
7637,Haywood,Brunon,hbrunonci@hc360.com,528-533-8932,3550731482613898,4055330834,122.26,342.46
5054,Andriette,Buckett,abuckettcj@odnoklassniki.ru,257-325-9859,6759093516598840963,1787048465,3.59,53.17
7701,Obadias,Hidderley,ohidderleyck@yellowpages.com,805-193-4512,5108757786352778,3494579276,53.78,1958.37
2970,Mariann,Lumsden,mlumsdencl@sfgate.com,339-566-8834,3588860356294521,9992137407,20.48,1201.28
1780,Sena,Wakeling,swakelingcm@hexun.com,146-894-9016,490370184914978900,2783168902,446.9,1187.92
2677,Shawn,Ferronet,sferronetcn@state.gov,877-458-1466,3545284766514109,2193588906,1884.49,1191.33
3540,Pietro,Hammill,phammillco@salon.com,537-296-6051,5100137124671411,5798006906,1421.24,544.4
5121,Lauree,MacCague,lmaccaguecp@joomla.org,700-639-2587,6759000114042265060,6521590363,1277.8,393.07
7805,Leonidas,Benet,lbenetcq@barnesandnoble.com,654-895-3606,3529017236290748,7283056805,451.3,494.71
7495,Garry,Walthew,gwalthewcr@mysql.com,510-325-7434,6762222173373809,8481490309,173.32,751.03
7537,Kinny,Lestor,klestorcs@tripadvisor.com,677-137-8362,4844089519522580,6347800473,199.77,575.57
4129,Amber,Densie,adensiect@ezinearticles.com,240-776-4176,5108751642101412,1772785200,421.82,920.75
8189,Dorthea,Eunson,deunsoncu@jiathis.com,537-651-6129,4844122763192840,1121236857,1007.74,591.24
4219,Gillie,Haglinton,ghaglintoncv@gizmodo.com,360-766-7925,3542115362564325,8715041875,1342.35,1248.69
4214,Dareen,Buchanan,dbuchanancw@patch.com,230-895-4083,6759133121350754,2736782533,257.8,1469.58
4582,Margi,Gullick,mgullickcx@nih.gov,550-432-2167,5463175720535979,5521323307,129.58,1368.34
5457,Tabina,Sutheran,tsutherancy@gov.uk,860-672-9639,670647284800626946,1914933749,1714.21,1324.31
3678,Cleveland,Gianulli,cgianullicz@admin.ch,400-225-6093,30277820921755,6421964840,751.64,322.01
2916,Kennett,Giacobazzi,kgiacobazzid0@google.ca,541-680-4029,5602233667373391,5484218394,162.24,313.19
7724,Kimmi,Gratton,kgrattond1@ustream.tv,994-826-3845,5002350934071388,7825120340,1410.23,1535.28
8449,Bartolemo,Iannetti,biannettid2@godaddy.com,264-862-8160,30151016413317,7988355756,778.71,1102.1
1302,Reynard,Dupoy,rdupoyd3@mac.com,378-722-1726,3574640594501572,5074868232,1692.9,1000.84
1489,Adda,Wasteney,awasteneyd4@goo.gl,157-449-1270,5602238144748800,9199160407,1639.7,887.37
1253,Daphene,Laherty,dlahertyd5@deviantart.com,635-314-6215,5100172572587090,3403857125,1070.79,783.63
4846,Margette,Hurrion,mhurriond6@prnewswire.com,588-412-5821,5602249266305550,7108683985,1696.75,1624.22
2532,Efrem,Becom,ebecomd7@spiegel.de,958-905-0848,5602245517400418733,3969234996,887.19,138.52
5701,Cullan,Aspel,caspeld8@thetimes.co.uk,889-123-4156,4361921294491230,3438551735,210.6,1325.76
1630,Karoline,Coarser,kcoarserd9@yahoo.co.jp,209-458-3125,3573417559234494,8517051604,1834.98,1863.26
4315,Gigi,Howsego,ghowsegoda@ebay.com,328-349-0985,6396505907393463,8071849577,1019.16,359.85
2309,Cindy,Wilmot,cwilmotdb@seesaa.net,301-280-7575,3558645474731553,9157956103,1540.24,1440.65
5259,Stavros,Fardon,sfardondc@hatena.ne.jp,281-389-2961,3542668073911136,1676065985,1264.15,863.04
2265,Moll,Peevor,mpeevordd@mtv.com,142-220-7321,201718874728573,4168865375,575.69,937.47
2451,Margareta,Stern,msternde@photobucket.com,475-725-9387,3566663123351939,4357255755,84.58,1509.31
1680,Blake,Poxon,bpoxondf@simplemachines.org,275-896-7092,3572385995030662,6101150175,669.43,1780.45
2660,Antone,Blanchard,ablancharddg@weather.com,690-757-8502,4903560725082867263,1141973498,1952.7,1442.85
4530,Waiter,Sambrook,wsambrookdh@cnet.com,977-120-4391,201701535912125,7727296866,1171.03,73.02
4948,Bell,Jerosch,bjeroschdi@miitbeian.gov.cn,519-559-3427,3557775654018702,2241280762,1660.36,390.07
6336,Gerry,Windham,gwindhamdj@blog.com,725-495-4792,5007664260453977,6121354804,1390.03,436.72
1049,Melva,Pawelczyk,mpawelczykdk@fastcompany.com,774-719-9846,491134135743244489,1108994873,746.62,1342.57
6110,Micheil,Dono,mdonodl@last.fm,474-987-0848,371886149185202,1012891714,285.42,1185.5
5584,Woodman,Rosas,wrosasdm@slashdot.org,671-512-4626,561091575643246194,2943371721,39.65,1519.51
1216,Harriett,Scamel,hscameldn@nps.gov,932-371-5221,5018553670938536,7025701887,1636.55,1523.96
1129,Hollis,Thireau,hthireaudo@free.fr,654-610-2034,3579291655648202,1974735630,24.47,774.31
5054,Marcelle,Vittori,mvittoridp@nih.gov,658-965-5713,6331104385937927211,4721028984,1626.94,204.42
4351,Jan,Cotes,jcotesdq@nyu.edu,201-521-6044,3575462884965196,5405688642,1461.23,1582.78
5892,Saundra,Dallyn,sdallyndr@redcross.org,484-748-9042,3587527301323579,3444455040,1538.8,261.31
7271,Daniela,Checo,dchecods@businesswire.com,740-341-2223,6759956241433591,7174083059,1070.2,880.33
6573,Alice,Godfrey,agodfreydt@seattletimes.com,397-577-7175,30387534134825,2947009582,729.07,1080.83
3598,Kahlil,Hissie,khissiedu@diigo.com,372-641-1864,3544734184514793,8353829528,1726.42,1291.38
4201,Napoleon,Anglin,nanglindv@bloomberg.com,413-530-8813,56101748246102085,4654814731,298.96,936.05
8761,Franny,Gumery,fgumerydw@google.fr,586-769-3756,3535618936643060,6579958389,1996.03,39.91
4940,Danyette,Kinleyside,dkinleysidedx@squidoo.com,752-484-1647,5100177356772891,9502234222,662.46,1818.44
4702,Florinda,Wiffill,fwiffilldy@privacy.gov.au,901-828-3393,676117043718214379,9244096596,1917.11,597.77
3020,Delainey,Nerney,dnerneydz@devhub.com,628-386-9778,3563847034414679,9884881960,786.66,434.18
5310,Artus,Haylock,ahaylocke0@gizmodo.com,978-524-2864,3549444276879568,1284072402,465.47,904.48
4693,Lurleen,Ceschi,lceschie1@naver.com,211-564-8316,3529675066244471,6845558836,1815.5,485.49
6124,Seward,Fairrie,sfairriee2@ask.com,662-349-6651,30543474828053,2696308334,1025.06,535.9
4443,Janaye,Arnaudot,jarnaudote3@a8.net,112-524-9937,30128589070757,7473293650,314.52,1693.29
1700,Malissa,Rodolf,mrodolfe4@cmu.edu,975-726-1317,5100134573395360,3375256508,844.97,1038.08
6688,Yanaton,Aiken,yaikene5@cisco.com,691-741-6783,5602219849272361,4805092251,561.15,1515.66
7743,Eli,Rubberts,erubbertse6@youku.com,527-427-9930,3578306313148410,6205452708,120.62,1767.05
7358,Bobbe,Coventon,bcoventone7@toplist.cz,305-211-1922,3584743523351438,3088826995,1260.22,360.52
4873,Brinn,Purselow,bpurselowe8@unicef.org,711-145-0390,201833160561412,1775105210,134.53,1563.23
5811,Marna,Letchmore,mletchmoree9@list-manage.com,942-170-6007,3577308821790239,5531191810,1376.01,291.3
1597,Candace,Christophers,cchristophersea@soundcloud.com,762-440-0615,5176056912712808,2222520019,1241.6,1678.86
3011,Conrade,Foystone,cfoystoneeb@ihg.com,967-495-0465,6771843366643023670,5583728762,1067.11,935.88
1038,Chalmers,Snedker,csnedkerec@yahoo.com,338-821-5896,201548088065003,1887323725,1587.27,630.38
4888,Phebe,MacCafferky,pmaccafferkyed@huffingtonpost.com,160-368-4907,633403357081886793,2783567224,1020.61,730.37
5466,Tildie,Drage,tdrageee@umn.edu,830-651-9270,347088494406868,7138817200,1558.0,1352.63
2778,Sidoney,Shutt,sshuttef@is.gd,305-163-0433,3555588265097227,1256117756,1010.03,490.27
6452,Alverta,Drinkale,adrinkaleeg@hc360.com,460-667-8540,3546034085115370,2894324552,1028.19,488.12
3607,Jacquetta,Hans,jhanseh@taobao.com,712-541-6239,3541171554831312,4255408209,1420.02,1313.93
1084,Sharl,Scarr,sscarrei@example.com,202-601-7579,3588267148266934,3203129276,1008.89,123.39
7255,Barron,Preuvost,bpreuvostej@woothemes.com,940-761-1095,374283114117344,2649127058,938.86,1092.53
2764,Haskell,Woollin,hwoollinek@ehow.com,511-221-0516,3565682429081330,9415465302,19.37,1036.97
3573,Drucill,Ferrarini,dferrariniel@timesonline.co.uk,916-350-5542,56022491313844711,7685119575,1317.68,1657.76
3534,Quintilla,Rushforth,qrushforthem@joomla.org,514-954-1355,3541590690607395,8128537657,1977.99,1998.24
2511,Nathalia,Jeavons,njeavonsen@spotify.com,499-801-7516,491191717092173128,2304890709,1644.24,362.65
6096,Valida,Galbreath,vgalbreatheo@addtoany.com,959-680-0358,4508310439812811,3645351529,589.09,87.66
5235,Ferris,Kynvin,fkynvinep@bizjournals.com,206-110-9661,4405522156113447,8093485644,1711.09,1944.29
1081,Jorge,Tallent,jtallenteq@vinaora.com,875-277-1168,201658945946541,4049377305,658.0,1876.47
2734,Maressa,Island,mislander@dion.ne.jp,633-992-4268,6771718614024809742,1636399987,98.8,1143.85
2198,Isaac,Katt,ikattes@nature.com,561-908-4902,3536440388006210,5451592602,1124.37,552.01
2251,Malina,Handling,mhandlinget@oracle.com,492-620-5225,6384381138819351,1389654211,708.37,195.57
7253,Starr,Hilley,shilleyeu@imgur.com,208-344-2647,5602241887478759,8302787538,1749.91,1489.08
3567,Jenica,Stirton,jstirtonev@simplemachines.org,506-237-4801,3529162545825527,5432395362,1344.63,456.31
8608,Cheston,MacDirmid,cmacdirmidew@bravesites.com,262-866-5562,3573662525625792,3977753606,767.77,1886.6
4681,Onfre,Don,odonex@scientificamerican.com,823-807-8431,4026639009384881,9129695045,515.8,1313.12
4803,Mela,Waszczyk,mwaszczykey@infoseek.co.jp,647-443-7601,201706739324571,4772913834,787.31,411.21
6761,Willa,Matussov,wmatussovez@etsy.com,467-517-2923,344082055566247,7254814663,120.64,705.04
4767,Lynnette,Skirlin,lskirlinf0@mtv.com,963-673-1156,345020936147810,8903158733,1322.39,218.52
1210,Ingrim,Staddon,istaddonf1@umich.edu,384-901-4465,5038582648533838485,3664801750,1204.77,150.87
3840,John,Stroulger,jstroulgerf2@techcrunch.com,525-435-8002,3550787665077707,3351188473,1822.3,757.88
8239,Abbott,Grioli,agriolif3@ucoz.com,927-770-1993,67093153092364409,2047498106,1578.69,1150.21
5085,Gibb,Renault,grenaultf4@mac.com,983-363-0437,337941994837010,9143659526,1361.97,1396.27
3346,Grannie,Mellings,gmellingsf5@webeden.co.uk,347-449-0412,36593256517352,1342670227,1716.07,1160.91
6772,Gerri,Bunson,gbunsonf6@ebay.co.uk,608-283-0832,3550649358162917,7979880486,1025.4,136.88
1968,Franzen,Summerell,fsummerellf7@spiegel.de,693-266-7855,5123342666675845,2986038793,1737.51,1530.29
4746,Drugi,Cashford,dcashfordf8@dailymotion.com,438-181-7297,5602219404132083,4613599601,744.18,384.62
1022,Job,Kings,jkingsf9@opera.com,164-397-1719,5136412739115346,1223247585,142.15,1887.61
4791,Kandace,Hungerford,khungerfordfa@themeforest.net,414-581-3574,377611788356268,5937939513,893.44,470.68
1994,Brose,Cavolini,bcavolinifb@umich.edu,779-628-6240,3560935920348771,3526676650,228.99,987.92
8244,Jud,Wrigglesworth,jwrigglesworthfc@ucoz.com,701-649-2765,560223492285752153,6395253486,1661.93,1317.56
6113,Ward,Gurys,wgurysfd@illinois.edu,428-629-9295,3569784894894316,3338219655,1438.26,1383.35
2641,Barbe,Hymer,bhymerfe@statcounter.com,744-300-2820,337941212672165,2404475542,1264.94,944.5
6989,Dorree,Knightsbridge,dknightsbridgeff@amazonaws.com,219-959-6864,30178297362418,3266104620,348.98,1981.13
1773,Rupert,Gellately,rgellatelyfg@spotify.com,652-370-5643,30119638333478,5877699037,1531.9,553.58
8621,Emogene,Prinn,eprinnfh@zdnet.com,613-602-9383,3586206850762674,5155381382,905.74,728.55
2386,Patric,Lauret,plauretfi@arstechnica.com,879-589-8464,4175005025409509,3468706293,958.93,94.75
4345,Rhea,Minot,rminotfj@intel.com,303-411-2069,3551241921776347,7003012186,71.24,560.19
7061,Berne,Huegett,bhuegettfk@nps.gov,902-263-1217,3587282990843160,7713057953,349.48,1562.57
1399,Wyatan,Bessell,wbessellfl@yale.edu,578-342-0531,3560701253260995,2942684916,634.18,1579.55
7821,Locke,Collingworth,lcollingworthfm@bandcamp.com,328-988-6578,5507075722675542,2569259527,373.72,1968.81
6629,Krissy,Cridge,kcridgefn@sogou.com,533-521-0289,3580525614080255,3126671796,69.13,1155.36
1633,Ameline,Binnie,abinniefo@drupal.org,812-430-9560,3537478485450567,7278095019,834.82,1945.51
4740,Sharon,Maken,smakenfp@parallels.com,634-597-1569,6380518486806373,4892474198,1236.03,631.02
3232,Lorne,Batkin,lbatkinfq@virginia.edu,761-433-0539,201714049598389,2347922496,1464.87,965.26
5095,Ivy,Ors,iorsfr@mozilla.org,940-966-0497,5358479564885716,9881328716,1028.32,1567.83
2338,Karly,Spendlove,kspendlovefs@studiopress.com,266-651-0933,337941272496307,5288853538,161.15,1819.01
5596,Kenn,Monroe,kmonroeft@twitter.com,639-894-0306,30152749083468,3596596686,922.44,333.72
2226,Fidelia,Fakeley,ffakeleyfu@gravatar.com,229-601-2972,3545923505118629,1554114299,1863.69,132.1
8216,Elizabeth,Morpeth,emorpethfv@hhs.gov,980-717-8547,3546834167442521,5515034328,451.06,1387.73
7506,Iorgos,Raspel,iraspelfw@clickbank.net,222-474-1480,5602247771536628,7226006463,1919.7,216.1
5341,Aviva,Harnell,aharnellfx@furl.net,207-191-1437,378520088755302,8922648442,1712.87,733.12
5750,Dell,Whinney,dwhinneyfy@google.es,512-564-0762,5007665766718045,3724767176,56.83,412.99
4955,Beilul,Woodus,bwoodusfz@dot.gov,772-898-7371,201891031288045,8404046213,1513.88,791.6
3390,Ali,Shorton,ashortong0@so-net.ne.jp,732-434-9971,30315312210632,5454893189,1865.72,1802.56
8041,Albie,Eagleston,aeaglestong1@vimeo.com,495-459-8724,201821097046896,8308189323,241.83,159.11
6889,Emyle,Gavan,egavang2@europa.eu,151-467-5165,201678284701752,2061453084,1887.6,253.0
2489,Corbie,Valenti,cvalentig3@infoseek.co.jp,612-277-7692,201748806979234,8191849072,685.36,1475.23
7573,Deni,Maccari,dmaccarig4@delicious.com,591-852-7068,3550153368444746,7415483722,415.62,1481.31
3909,Delilah,Cawte,dcawteg5@jiathis.com,554-405-8339,5108756318638753,1909511321,1938.0,264.5
1089,Egor,Middis,emiddisg6@ucla.edu,692-923-4348,3543650574257564,4573383803,1312.54,373.94
7692,Elden,Antos,eantosg7@dion.ne.jp,512-374-2417,0604065968791379,6625803873,567.49,1366.68
7292,Patric,Seifert,pseifertg8@yahoo.com,392-365-8891,3536271705760431,3021566561,1013.61,1253.9
8420,Jenni,Traise,jtraiseg9@yale.edu,329-295-9968,3566119117589810,2751307316,408.85,829.2
1320,Myrna,Doore,mdoorega@mlb.com,941-667-3490,5007666471199018,4552934201,498.05,112.51
8096,Shantee,Dulany,sdulanygb@storify.com,475-288-1718,3579746335452333,5217708548,1753.44,1425.92
1164,Yasmeen,Cupitt,ycupittgc@blog.com,206-830-8349,3570356597930874,8054178070,725.03,852.24
5108,Humfrey,Kollas,hkollasgd@irs.gov,507-303-1454,676708310074725339,3542450560,1348.31,1021.59
1804,Abdul,Eshmade,aeshmadege@samsung.com,465-606-6003,30331778560949,4245950669,312.65,1909.88
1516,Trudey,Whittle,twhittlegf@loc.gov,872-571-2989,676398552082664951,3784873376,665.35,853.52
1853,Linnet,Poytress,lpoytressgg@earthlink.net,820-659-9382,3547924774159805,8351691255,1515.55,302.29
6575,Norman,MacGiffin,nmacgiffingh@aboutads.info,497-931-9203,201722842831527,7557121654,1182.34,1396.96
7301,Erl,Chsteney,echsteneygi@about.me,430-631-7027,374288146187967,1158587991,1065.64,952.44
2740,Wendye,Peckitt,wpeckittgj@msu.edu,824-153-8550,4041599838667370,2863507847,378.48,603.37
2608,Antonia,Ledwidge,aledwidgegk@blogtalkradio.com,445-698-3442,5312484492173834,8822995277,1153.11,1218.42
7196,Vernor,Pach,vpachgl@spiegel.de,537-232-1525,3582249470492086,6423229798,200.19,409.73
8920,Myer,Upston,mupstongm@loc.gov,154-697-4687,5048377383601759,6679433552,1726.53,328.72
6146,Richie,Ciabatteri,rciabatterign@imageshack.us,236-210-9000,3556492295011010,9176103476,1010.55,1774.03
6739,Sylvan,Chesser,schessergo@indiatimes.com,816-395-7856,3535935699807215,6452359526,1934.95,632.75
8950,Bride,Kirrage,bkirragegp@cmu.edu,881-824-0120,3535052548773984,9143442554,1713.62,1961.23
8169,Gaelan,Feuell,gfeuellgq@oracle.com,261-317-2954,5641826528687975,6828880731,229.5,1854.09
1438,Frederick,Thormwell,fthormwellgr@aol.com,260-264-9584,3550549527936672,9688498296,660.83,1329.92
4292,Ginevra,Millson,gmillsongs@weebly.com,704-971-7056,4175004583116515,2663835933,1049.35,1213.23
1095,Jorey,Spellard,jspellardgt@issuu.com,588-235-7506,3546513989001232,8609931602,846.4,1490.67
4472,Truman,Dur,tdurgu@aol.com,866-166-9091,3571972973144267,7567764802,964.72,1803.1
6212,Glynn,Waryk,gwarykgv@phoca.cz,393-655-3941,3557318318557433,3911990255,1966.05,710.72
5160,Colline,Jans,cjansgw@ow.ly,339-588-5626,36092820078173,2037341673,178.75,1024.57
6096,Rufe,Addionizio,raddioniziogx@princeton.edu,243-696-9130,3563853524369928,3654869274,774.44,1030.53
3726,Jessie,Moralee,jmoraleegy@purevolume.com,693-460-6058,3580177581760855,1188736391,635.3,514.45
6195,Livia,Davidek,ldavidekgz@hud.gov,833-139-4558,0604792395345392,9031132397,1371.69,1249.99
8742,Briant,Gunda,bgundah0@homestead.com,237-662-6933,4755651291093,4442287954,1530.65,965.57
3383,Ariel,Dederich,adederichh1@hc360.com,102-955-1722,3567462575638805,6685115907,1375.0,910.38
4207,Allyce,Kerswell,akerswellh2@wisc.edu,311-365-8613,6763464271284582,5099709158,1967.73,1043.78
5827,Thoma,Fissenden,tfissendenh3@1688.com,312-612-2463,6380974224331515,2011958068,1244.47,1936.8
3480,Philip,McKibbin,pmckibbinh4@dyndns.org,589-413-3046,5556223193285488,5372981820,331.26,422.89
1080,Rosemonde,Breakwell,rbreakwellh5@xing.com,512-113-7736,3586632155060847,6024712754,591.19,1404.93
6983,Godard,Bolden,gboldenh6@ucsd.edu,951-593-3837,4844977520453698,5944959271,1712.28,1070.13
7902,Hurlee,Crum,hcrumh7@issuu.com,871-707-2154,30464387030929,4648052221,179.01,248.15
8367,Garrett,Palumbo,gpalumboh8@mozilla.org,538-878-5830,3543180178652440,2336111999,1311.92,1487.03
1798,Annabela,Verey,avereyh9@multiply.com,276-868-3113,5007661214150865,1058353921,1939.36,1890.42
7161,Paten,Langeren,plangerenha@patch.com,204-907-5180,3567250082426040,4692401396,1545.46,945.79
1100,Charlena,Leftbridge,cleftbridgehb@cyberchimps.com,808-664-0328,6387434880636635,3127927851,625.45,1621.27
8972,Kizzie,Pumfrey,kpumfreyhc@ox.ac.uk,761-699-5367,30069100780583,3211286902,555.53,679.74
6329,Mellisent,Sproat,msproathd@ebay.co.uk,628-546-8240,3540527867858535,2186825966,671.2,774.64
3173,Creight,Blewmen,cblewmenhe@baidu.com,814-934-0924,3551453827948017,4713262543,1863.74,1904.02
2662,Lynette,Bibbie,lbibbiehf@etsy.com,112-418-2706,3575697571951245,7232120790,1357.69,1636.33
6061,Matthiew,Lehon,mlehonhg@google.pl,150-394-8863,503838987497834001,3228033900,1408.62,1119.89
8581,Jaquith,Wakenshaw,jwakenshawhh@e-recht24.de,740-137-0285,30205141476381,6085021368,1887.32,490.85
3002,Larisa,Aubry,laubryhi@cpanel.net,911-839-5304,36452469705256,1118577987,1307.23,499.17
3444,Alano,Skitterel,askitterelhj@wikipedia.org,777-146-3283,4041592456909,7108095944,322.98,1699.62
6962,Tobiah,Shama,tshamahk@aboutads.info,373-968-3691,201592474503151,2599892355,162.62,991.55
6961,Bordy,Gerrett,bgerretthl@123-reg.co.uk,758-477-6820,5602216959185995,7027339881,1436.94,121.15
3811,Fern,Dixson,fdixsonhm@fema.gov,188-433-4281,676203539540113874,1213409029,1509.72,1539.95
2809,Carol-jean,Springle,cspringlehn@japanpost.jp,439-700-6334,30288044609928,1804168840,1591.66,724.27
7960,Standford,Roloff,sroloffho@ow.ly,385-342-0232,3572681310734693,4318334518,290.55,792.32
1920,Beauregard,Worrall,bworrallhp@prweb.com,758-997-4025,3544097126094641,5861818049,626.66,1314.88
3872,Ardra,Tyas,atyashq@google.ca,313-297-4868,5264957268398816,3356728091,1792.42,428.74
6327,Ibrahim,Neiland,ineilandhr@homestead.com,678-928-1644,201627292261085,1422537481,1190.09,1765.26
4157,Nadean,Swansbury,nswansburyhs@businessinsider.com,109-798-6096,56022429989651580,1873232430,1720.14,804.83
7843,Augustus,Stanlake,astanlakeht@sbwire.com,450-133-2207,3531132111295179,8409203503,1154.08,527.36
1991,Valma,Ludman,vludmanhu@hp.com,781-173-9182,4917541765450926,8251980579,1340.12,847.96
3095,Alonso,Pagen,apagenhv@narod.ru,731-505-1678,6372360368028218,8674907924,454.94,1752.83
7178,Lonnie,Wethey,lwetheyhw@washingtonpost.com,998-808-9083,3537317574976365,4203264360,153.7,1617.43
7928,Reinaldo,Bockin,rbockinhx@addthis.com,865-782-8502,67639064643340692,6464502396,514.23,131.27
5332,Hazel,Petrou,hpetrouhy@parallels.com,189-346-6152,3538113004418576,1823316064,363.85,758.15
4232,Hendrick,Donovin,hdonovinhz@shop-pro.jp,769-460-6896,3546599134613401,8027293962,376.45,1266.24
7431,Ashley,McGilbon,amcgilboni0@msn.com,330-238-8418,3563058464091553,1722663917,54.82,590.48
4991,Rebekkah,Canty,rcantyi1@usda.gov,207-406-6434,3575583762996597,7234451492,906.68,30.48
4751,Onfre,Roadknight,oroadknighti2@soup.io,965-762-8102,3559893995766083,1765887466,493.43,544.33
7690,Derry,Fisk,dfiski3@themeforest.net,418-144-9020,4508312804802617,1516391407,1666.16,1860.65
1047,Lynnea,Wortley,lwortleyi4@ovh.net,704-866-5466,5539537426197331,4417382411,896.29,221.6
6005,Freddy,Goodge,fgoodgei5@plala.or.jp,791-663-2320,5602258182920707,8155149904,977.01,677.69
1054,Juliann,Bladen,jbladeni6@cdc.gov,653-946-4557,5038572585453566583,4751741304,1826.04,1858.04
8458,Janela,Twelftree,jtwelftreei7@salon.com,683-920-7851,3542511886793848,1384358885,1039.12,582.53
1496,Freddie,Cinderey,fcindereyi8@rediff.com,941-110-5207,490396794326816025,9585957085,654.74,1619.2
7503,Bevin,Appleford,bapplefordi9@techcrunch.com,689-943-1288,564182946748902813,4993056137,496.23,1268.77
6008,Clerc,McNeil,cmcneilia@google.ca,796-241-7995,3544298382796651,4616706761,1152.27,499.27
8951,Dyan,Mitchelhill,dmitchelhillib@jigsy.com,262-650-0802,5602216354780729918,6893120934,1655.77,653.86
1463,Lowell,Byass,lbyassic@mayoclinic.com,924-671-9218,3550191207722393,9732905928,622.75,1848.14
2850,Cesar,Bruyett,cbruyettid@adobe.com,738-435-6492,374283193018520,6259787665,712.12,305.94
3909,Florina,Napier,fnapierie@ibm.com,799-556-8497,5309115915462942,7453809869,913.4,1252.04
3279,Rustie,Clymo,rclymoif@nbcnews.com,737-609-4341,5259067733111104,6074897357,1563.73,1696.39
3281,Tanhya,Ravenscraft,travenscraftig@weibo.com,232-902-9256,6380676980189686,6889572158,892.43,1277.62
6165,Cicily,Chadderton,cchaddertonih@odnoklassniki.ru,325-533-1371,3580618396716962,9506975878,656.09,446.84
7353,Kristo,Skill,kskillii@seesaa.net,758-303-1159,3541735535757687,8298310863,235.58,1942.79
3304,Janella,Dobrowski,jdobrowskiij@marketwatch.com,893-623-1730,3535746704412523,4805879528,802.98,1823.35
3903,Tobey,Hewson,thewsonik@deliciousdays.com,334-630-5288,3530236259414947,5176101598,1228.91,13.77
7585,Wye,Rickson,wricksonil@yellowpages.com,751-964-3041,201419053068515,9725765438,219.37,1308.91
8871,Reena,Macquire,rmacquireim@cornell.edu,829-388-0457,3541322098929910,8244059644,71.31,899.73
2619,Roslyn,Smallwood,rsmallwoodin@google.cn,812-838-5260,374283555409978,4713115179,300.93,747.21
5388,Bellanca,Ditchett,bditchettio@dion.ne.jp,789-631-4937,3562456031511049,6406588899,947.75,539.62
7594,Dunn,Jenney,djenneyip@auda.org.au,434-135-5608,201820501471542,2547003068,195.33,1069.73
8538,Shep,Frosch,sfroschiq@upenn.edu,746-319-4966,50187921118360178,5085651952,445.53,1297.8
5527,Ilene,Odegaard,iodegaardir@simplemachines.org,732-134-9326,5538139557440332,6762071745,1339.39,1503.86
4844,Orly,Bedlington,obedlingtonis@phoca.cz,219-859-6760,3586152276056855,3311554738,1708.96,520.61
4359,Korry,Atling,katlingit@acquirethisname.com,664-385-0928,3541144281335725,2372814794,596.52,54.32
7162,Koressa,Krystof,kkrystofiu@usgs.gov,314-805-1265,5186534031289344,6524989803,712.48,1536.2
8164,Marianne,Arniz,marniziv@google.pl,758-107-8381,376893285151407,3735802433,419.73,1683.52
6878,Alexandr,Chatres,achatresiw@ow.ly,314-942-9179,201432452411525,5618021716,520.39,1594.44
5814,Claiborne,Ellyatt,cellyattix@rediff.com,144-505-3703,3536770265126693,8496501860,1999.42,586.96
2587,Alix,Spreull,aspreulliy@shutterfly.com,374-733-0714,3552475514908383,6037314364,1782.84,225.84
7396,Aryn,Jansie,ajansieiz@t-online.de,302-301-5181,3531947100776339,4842804559,1312.59,138.35
8560,Krystyna,Cestard,kcestardj0@go.com,793-861-5183,5485217745064546,3061077762,1040.3,149.92
4789,Nikita,Domoney,ndomoneyj1@ucla.edu,262-125-2410,3562821856845139,4567813987,1381.25,617.33
1400,Merrie,Janacek,mjanacekj2@marketwatch.com,774-480-2691,4175005857948707,6216638425,302.66,1219.64
6687,Deeanne,Mapholm,dmapholmj3@live.com,480-134-3147,201928822658646,8195850482,1047.87,1126.04
4447,Doyle,Neasam,dneasamj4@cisco.com,956-681-7624,3580067292796472,8349174308,568.1,781.0
3913,Roman,Reeson,rreesonj5@yahoo.com,314-299-6167,4917787089087924,3423411497,951.24,766.1
7015,Cassaundra,Skein,cskeinj6@nih.gov,891-460-9447,5100175796729372,6783237484,1368.9,1201.88
3797,Collie,Olivello,colivelloj7@stumbleupon.com,983-483-5816,3558699868047662,7671069826,1678.58,1446.08
1092,Goldie,Pinckard,gpinckardj8@dot.gov,957-368-4723,3574043498909712,2041722957,1287.65,1322.56
4921,Corey,Duggen,cduggenj9@abc.net.au,127-696-8301,3547054700187975,8816204548,593.83,931.29
2808,Jami,Whales,jwhalesja@domainmarket.com,963-655-1745,676252275481922235,9089159960,812.1,1358.24
3833,Renard,Hardstaff,rhardstaffjb@oaic.gov.au,296-240-6193,56022443265472454,6165459262,1295.17,642.76
2706,Ethelind,Allston,eallstonjc@photobucket.com,611-410-6313,3549822999713083,8233229642,994.9,577.28
2303,Jeffie,Maudlin,jmaudlinjd@businessinsider.com,293-106-8148,30540280738666,4358628019,298.83,890.02
8068,Ruttger,Rowe,rroweje@dyndns.org,906-978-6561,67094901910596738,2058424751,431.66,1111.15
6384,Doretta,Wiseman,dwisemanjf@washingtonpost.com,310-867-4173,3538249608022438,8321918058,651.24,283.11
8983,Theo,Symon,tsymonjg@ca.gov,709-800-5403,5602228426371397,8586836359,1843.23,605.91
4795,Chantal,Beri,cberijh@nymag.com,459-958-0978,30078719222192,1594395778,1150.12,364.15
5164,Ellswerth,Tatteshall,etatteshallji@bandcamp.com,513-700-9832,5038763421781954,4191971293,1815.72,1109.01
1696,Megen,Hartmann,mhartmannjj@abc.net.au,787-894-4521,06041617124224501,7635461869,349.0,1274.47
7144,Waiter,Cannings,wcanningsjk@youtu.be,529-184-7088,63041456569205456,8079317570,944.52,1220.55
7327,Eulalie,Ramos,eramosjl@who.int,498-137-4804,5602231853565276343,5247190908,1417.92,1269.27
7600,Lorene,Kershow,lkershowjm@tinypic.com,215-761-7178,6388976333690899,2795475828,450.25,363.07
1549,Carlita,Butterley,cbutterleyjn@ocn.ne.jp,492-600-2562,5610226411748207,8307603925,1460.3,90.46
5607,Sutherland,D'Alesco,sdalescojo@flickr.com,895-376-0529,4508597873585826,6085681645,1829.17,1626.56
3259,Jasper,Grubbe,jgrubbejp@amazonaws.com,512-662-2915,3531947799642024,3314089398,1203.76,627.7
6283,Elliott,Sibylla,esibyllajq@ox.ac.uk,190-536-7998,5038852825722024118,9416767651,1827.4,480.54
1512,Bren,Gertz,bgertzjr@paypal.com,763-346-9779,30328868402420,1846237581,1648.54,1891.6
3649,Davis,Coldbreath,dcoldbreathjs@cdbaby.com,538-173-0331,3587365288898051,7772595203,1867.25,159.81
6671,Kiah,Clemenzi,kclemenzijt@gmpg.org,173-709-6602,201811489847845,7348627731,545.37,310.14
6750,Yankee,Froggatt,yfroggattju@nps.gov,524-893-7388,6759236359005009395,8617987904,1266.94,1978.09
4326,Lorrayne,Adam,ladamjv@surveymonkey.com,245-437-8592,3586366104870416,2439185151,1513.6,587.01
1108,Adda,Schoffel,aschoffeljw@imgur.com,869-301-1263,3580337646198612,3974173933,874.13,1128.11
6660,Jacquelyn,Blondelle,jblondellejx@usgs.gov,422-622-6692,5100133825821934,1569292155,613.91,1655.23
8664,Millisent,Denniston,mdennistonjy@pen.io,795-773-7690,3575587064121192,4629196104,348.22,893.1
7797,Thebault,Boss,tbossjz@blog.com,609-292-7946,3587944571669153,2716171511,1806.47,1067.77
5913,Graeme,Phelan,gphelank0@tripadvisor.com,298-873-3440,3543578668952461,4993795882,1907.31,1805.71
3920,Wilden,Philip,wphilipk1@nps.gov,729-820-8691,3548833798258312,9174538963,1716.6,800.03
5954,Titus,Scohier,tscohierk2@prweb.com,273-302-9349,5602258054113928,8862372575,384.46,1544.79
2323,Dawna,Yurikov,dyurikovk3@washington.edu,790-769-4544,3578301768224089,1058823593,870.6,1990.86
1726,Thorvald,Morbey,tmorbeyk4@addthis.com,422-660-8759,3570313454185001,7121724069,423.13,1171.7
7366,Ginger,Saffran,gsaffrank5@vinaora.com,964-599-3896,3557324475975863,4471178725,1646.96,1154.33
7076,Carolina,Mum,cmumk6@drupal.org,656-134-6181,6761777625321244,5612468941,555.86,372.28
8898,Kennett,Lamps,klampsk7@fda.gov,727-229-3131,3560379901411953,8706984656,1760.86,1893.95
8298,Vivianna,Giampietro,vgiampietrok8@bloomberg.com,488-865-2962,4844734588253407,5622880181,835.37,785.01
7486,Renault,Lowey,rloweyk9@addtoany.com,731-778-6652,3546635834828723,2112754049,1830.91,260.09
4711,Aluin,Chadburn,achadburnka@oracle.com,557-790-5294,4017958360810,2528734175,679.72,952.08
2145,Elli,Cumbers,ecumberskb@clickbank.net,416-382-0739,3567123882570673,9236471562,918.3,685.96
7992,Sydney,Ryley,sryleykc@eventbrite.com,915-106-2227,3533842156173184,8954012076,864.6,1949.02
7774,Janeta,Dwine,jdwinekd@hud.gov,426-586-8420,4905457896234127,1198640380,517.44,1477.59
2419,Ransom,Rosetti,rrosettike@de.vu,976-857-0117,36959179413377,6908828591,32.7,774.39
8983,Lara,Koenen,lkoenenkf@newsvine.com,803-276-1898,5394253474320668,2665115934,610.48,1534.84
7496,Seward,Beattie,sbeattiekg@free.fr,842-768-4715,5048378393586733,9718382430,905.46,178.56
2307,Kimberlee,Beavers,kbeaverskh@twitpic.com,713-805-9829,490385162479503175,7158700602,376.61,516.76
3524,Easter,Bontein,ebonteinki@t-online.de,101-515-1517,67590893822985621,7747251225,139.61,429.35
3424,Addison,Jollye,ajollyekj@addthis.com,733-877-6665,5602220867040938,1486754132,1139.96,560.68
7800,Rollin,Matteau,rmatteaukk@cocolog-nifty.com,627-942-3180,3558818980673631,6153476483,1726.66,1816.76
1124,Ricoriki,Janning,rjanningkl@wisc.edu,250-424-8336,3543887744546126,9942812351,1893.74,1137.93
1020,Jemie,Bertome,jbertomekm@woothemes.com,730-751-4819,3552576963294876,9639764935,144.61,400.5
2852,Arte,Arrault,aarraultkn@epa.gov,773-823-5458,3560847859271322,5768044139,1053.34,1042.11
3745,Gris,O'Tierney,gotierneyko@wordpress.org,875-176-3892,6334271271903222,1757693144,842.87,982.57
7968,Ailyn,McCloy,amccloykp@cornell.edu,516-863-4941,340514809662744,2955755570,374.67,278.8
1921,Robinet,Renol,rrenolkq@cpanel.net,339-505-8367,3538088001266766,6193554562,1255.38,1426.87
4836,Christan,Setterthwait,csetterthwaitkr@nationalgeographic.com,930-761-8290,4175007440977276,1528216642,671.89,1931.41
1880,Ginni,Frape,gfrapeks@gravatar.com,522-686-7618,6767420711529814495,8574604079,1057.61,568.46
1798,Adena,Rapinett,arapinettkt@newsvine.com,960-553-3368,3564363434480970,3301868865,1333.45,154.17
6730,Homer,Pero,hperoku@odnoklassniki.ru,410-988-9875,3554374836537285,1858044168,415.95,1326.2
4775,Jacki,Frensche,jfrenschekv@blog.com,434-279-5118,3562682309145877,8745901278,1280.11,853.07
6045,Patricio,Boyse,pboysekw@army.mil,316-456-2825,5602238154294927,9386977133,1747.23,1868.48
3365,Leela,Chown,lchownkx@fc2.com,144-101-6489,4913950980927382,5857093563,1452.09,222.27
4646,Tim,Bramich,tbramichky@archive.org,491-730-3987,3583861774786358,9497688156,340.95,947.64
6372,Zackariah,Dewar,zdewarkz@histats.com,973-225-1450,50383185361118947,3156998132,419.24,1300.1
8173,Gladys,Itzcak,gitzcakl0@utexas.edu,394-860-2948,30299984861544,1949955883,413.59,110.28
2970,Town,Vannar,tvannarl1@mashable.com,890-371-9844,3573961335432914,3066627839,474.9,1738.63
3539,Belinda,Ebden,bebdenl2@ucsd.edu,718-440-8214,5455506643313310,1226022442,920.61,1058.38
8150,Tedda,Daverin,tdaverinl3@ning.com,453-250-2974,630409514182804329,5434874731,1081.33,515.92
6173,Christopher,Boissier,cboissierl4@amazonaws.com,997-125-4203,3582586897685150,9702457592,958.5,896.02
1740,Aigneis,Camings,acamingsl5@indiegogo.com,487-990-2387,6333516422296400,8446315191,451.36,1163.44
6495,Breena,Elcocks,belcocksl6@dyndns.org,610-469-6714,3570093451988918,1447766532,267.51,1533.67
5473,Forrester,Gariff,fgariffl7@canalblog.com,777-761-0676,6373305973224305,4629306550,539.81,1665.15
4246,Sidonia,Neath,sneathl8@techcrunch.com,479-559-0396,67597524679735347,7319466121,1665.69,793.15
4321,Ferdinand,Oylett,foylettl9@surveymonkey.com,968-447-8527,342120133603764,3585080657,1495.49,1302.97
7335,Mickey,McCome,mmccomela@sitemeter.com,265-336-1722,5471859530933876,5701408044,1387.27,1875.63
5656,Rainer,Caudwell,rcaudwelllb@goo.ne.jp,733-835-8464,4911021031050800717,3883091107,671.79,1765.18
5979,Ariela,Shewsmith,ashewsmithlc@seesaa.net,916-540-7911,6304602972573326,5476478522,951.65,722.78
7251,Caldwell,Fayer,cfayerld@ftc.gov,972-994-6577,3553344286059552,1173839677,1758.06,871.9
3573,Lezley,Feifer,lfeiferle@pcworld.com,683-202-2431,3574769318190188,1273459516,86.38,1098.21
4227,Lulu,Skells,lskellslf@flickr.com,196-968-2567,5602212365668088,2964308578,937.33,962.6
2321,Byram,Mackleden,bmackledenlg@bravesites.com,912-795-7144,56022275788141483,6368644937,459.82,1658.63
5800,Irita,Siseland,isiselandlh@mysql.com,846-216-2156,5366762064126818,3564439184,1968.05,1196.15
8564,Cami,Paris,cparisli@auda.org.au,361-459-6120,3544487387382753,3791696467,54.96,797.15
6347,Jakie,Gatland,jgatlandlj@lycos.com,141-556-0808,3528038230877141,6637489891,150.22,722.75
5353,Luisa,Thaim,lthaimlk@chron.com,334-459-6537,5517046995210216,2129984549,1097.33,1755.54
4631,Nat,Baumert,nbaumertll@sina.com.cn,821-706-9028,5020120999897431673,5311281851,18.78,1009.72
6898,Bern,Allott,ballottlm@businessinsider.com,839-991-2612,3557066373458258,1714119119,570.63,1395.78
2899,Clerkclaude,Clemenson,cclemensonln@quantcast.com,478-687-0818,201559150581058,7558259213,543.43,545.62
4901,Scottie,Scanes,sscaneslo@tmall.com,672-430-0112,3560700671752518,3626150535,622.16,84.75
6242,Normie,Bleakley,nbleakleylp@aol.com,715-311-7544,5535500026832479,5613217945,1053.25,819.65
8498,Natasha,Clues,nclueslq@istockphoto.com,755-134-9780,5602236780423423,8704127972,1461.37,738.95
5892,Sonya,McNickle,smcnicklelr@dailymail.co.uk,522-303-8513,3558577380692886,4905505641,153.77,658.38
7093,Leigh,Lown,llownls@nsw.gov.au,561-268-4718,3539333490290003,4491830087,652.33,158.28
5067,Ernst,Pearton,epeartonlt@dailymail.co.uk,557-669-0299,63041984216856843,6547496443,650.37,1262.55
4071,Davida,Gebbe,dgebbelu@barnesandnoble.com,720-825-7306,374622241576973,7434797288,1350.28,1393.68
5667,Zelig,Leaming,zleaminglv@pcworld.com,279-525-4828,3571913714078646,8738183317,1192.1,290.32
1401,Maggy,Neachell,mneachelllw@php.net,931-885-0031,3534803500882150,1123943652,1228.31,43.61
5573,Elston,Rennock,erennocklx@aboutads.info,335-842-3321,3578543203357988,3119001304,1266.12,819.08
6065,Lanae,Lightollers,llightollersly@narod.ru,434-779-8080,676261524930278379,4195708847,935.41,579.37
1751,Bobbette,Skipping,bskippinglz@t-online.de,796-464-4213,378862711283744,2031472674,1222.62,939.22
5393,Joela,Bredbury,jbredburym0@cargocollective.com,146-630-8747,30134746556522,5307103324,1885.4,378.67
7194,Jillane,Pratt,jprattm1@google.com,754-971-5409,676707425759777974,5311501060,1067.19,1023.6
1222,Chaddy,MacIlriach,cmacilriachm2@creativecommons.org,215-468-9114,501861504592263129,6615166518,91.63,471.84
7051,Lyndell,Wrettum,lwrettumm3@tripod.com,584-417-3613,4017959670253970,7278929768,1605.98,720.81
6257,Rena,Grigolon,rgrigolonm4@china.com.cn,574-774-7801,5010126350282018,9268626906,1573.38,1080.2
3703,Chery,Shakespear,cshakespearm5@jimdo.com,207-405-2059,3580781814216559,9591246605,1365.69,785.36
3705,Lisa,Derobert,lderobertm6@uol.com.br,845-516-4843,3583231243748514,9201310995,551.07,1325.42
2160,Brooke,Bumpas,bbumpasm7@weather.com,507-968-6757,3558782308335325,3535774788,1708.3,1427.29
3484,Adaline,Dibb,adibbm8@wufoo.com,455-325-3596,3580116450201401,8869862885,1717.7,540.43
5041,Ofelia,Smallman,osmallmanm9@wisc.edu,972-318-7868,3544208872558933,1663175032,462.68,388.17
8488,Sharity,Indruch,sindruchma@hud.gov,812-894-9743,3530660752749410,1594155310,558.69,1187.21
6754,Kippie,Gration,kgrationmb@goodreads.com,332-592-7070,06046146224152821,9619557151,791.96,1908.06
8990,Alasdair,Moynham,amoynhammc@comsenz.com,642-985-4939,3535202074253691,7152020810,1603.69,956.55
6601,Clay,Watts,cwattsmd@latimes.com,733-693-7042,374622203128581,6496821295,658.44,1260.02
4744,Kippar,Busfield,kbusfieldme@amazon.de,329-510-8429,4917874514747502,4981588892,808.05,1365.94
4407,Therese,Copcott,tcopcottmf@chronoengine.com,860-526-0842,4903289284111036052,4829602437,907.75,1335.55
1928,Melly,Hess,mhessmg@umich.edu,500-797-5181,6762042961029816859,9786397365,192.24,1518.92
4663,Marlyn,Naul,mnaulmh@squarespace.com,849-199-6504,3533181493351322,3535504118,263.03,321.64
6657,Eveleen,Weir,eweirmi@skyrock.com,965-870-2085,3554434510499093,2895192585,850.2,726.03
1792,Gerry,Oldknowe,goldknowemj@51.la,169-202-1409,3564367035065908,2118429541,21.43,1194.02
1355,Dee dee,Lehrmann,dlehrmannmk@japanpost.jp,916-494-6567,201522076823582,2218426599,1863.01,623.39
2311,Beverlee,Chanson,bchansonml@baidu.com,697-836-6932,4911144621193454760,1391504528,1457.1,1202.79
6519,Wally,Linforth,wlinforthmm@ask.com,177-398-7823,630450334367524321,2228599975,405.45,1584.38
5542,Sargent,Baynham,sbaynhammn@dell.com,618-721-8329,50380910720154371,2193724006,238.11,928.64
4137,Feliza,Dowles,fdowlesmo@timesonline.co.uk,463-720-3263,3575175893239060,2514225161,492.69,1397.37
3566,Gussi,Ryott,gryottmp@networkadvertising.org,234-742-1323,4750036176945,5345855977,1749.26,1049.02
1291,Marlie,Trumper,mtrumpermq@friendfeed.com,470-179-2765,5469887572693847,9996477023,669.41,1032.9
8022,Heloise,Audsley,haudsleymr@springer.com,784-572-2381,6759395672662402852,1784009210,1606.82,1018.11
3998,Aigneis,Chrichton,achrichtonms@51.la,835-163-3938,6385835779565689,8406553141,37.72,1731.52
2875,Penni,Stearndale,pstearndalemt@feedburner.com,394-635-3885,201876122808231,6571257807,1551.96,430.7
8253,Bent,Koppeck,bkoppeckmu@de.vu,691-809-3696,30043690018514,3034516808,87.49,1698.98
6424,Goldy,Shoobridge,gshoobridgemv@japanpost.jp,790-109-4877,4685086730308544,7206410221,897.86,796.33
8318,Prisca,Penwell,ppenwellmw@redcross.org,696-773-1133,5893640680046010,3781585146,1754.57,749.77
6181,Nikola,Jagiela,njagielamx@wiley.com,702-527-6689,372301177294362,7113928726,1441.8,1256.05
4952,Baird,Middas,bmiddasmy@dedecms.com,397-191-2938,374288996828256,2628163122,1137.51,1282.05
5764,Aloise,Batters,abattersmz@barnesandnoble.com,225-982-6186,3560618381098834,9064341136,1425.36,1137.65
5127,Dredi,Macer,dmacern0@phpbb.com,944-230-1614,5010125721789404,2825517188,304.23,36.83
3223,Elladine,Norway,enorwayn1@adobe.com,526-823-4928,4017952003811507,9631284067,721.72,1252.4
1658,Bruis,Pettit,bpettitn2@nature.com,130-787-7891,30518948037960,5854502474,753.71,1700.88
6710,Basilius,Isaksson,bisakssonn3@deviantart.com,997-482-8520,201426450686559,8857586197,438.59,1438.87
5482,Lilah,Cuffe,lcuffen4@merriam-webster.com,333-289-0204,5610909510495945843,3466593441,815.46,1492.42
4412,Florrie,Andrat,fandratn5@psu.edu,389-894-5318,30526919299105,4428840306,85.66,324.69
6586,Petrina,Pavese,ppavesen6@yellowbook.com,819-412-5375,3588419266913603,1717225209,1286.89,1437.37
4846,Tomaso,Sotheron,tsotheronn7@fc2.com,182-591-4784,3572523995435511,7412232257,1995.09,1290.15
1993,Aridatha,Matula,amatulan8@uiuc.edu,937-447-0618,30479681211447,8525294787,279.84,969.01
6763,Sibilla,Peron,speronn9@tiny.cc,163-150-8779,30375140248386,2186701777,1031.74,332.59
1058,Zaccaria,Hasloch,zhaslochna@symantec.com,932-756-4964,6331109222815884,9086696027,819.7,1402.84
6251,Cathee,Cristofolo,ccristofolonb@smugmug.com,372-354-5597,3574646644083073,8815722573,891.75,403.9
3247,Evy,Tyrwhitt,etyrwhittnc@1688.com,857-674-4332,201424364818632,3788874694,1114.2,27.12
5901,Nickolas,Gapp,ngappnd@themeforest.net,544-593-5360,3538845011521328,9247411992,675.96,347.2
6045,Tiphany,Severwright,tseverwrightne@csmonitor.com,567-178-6485,560225655075583339,2024089830,450.81,1525.24
7291,Andi,Beaney,abeaneynf@unicef.org,227-714-7094,3581378915134887,5085396084,965.8,1865.29
8348,Shalne,Ritmeier,sritmeierng@icio.us,711-179-2666,561014344535593658,5597046152,788.6,86.33
3105,Rolph,Ison,risonnh@cocolog-nifty.com,179-413-9305,5602256146612071,8191999640,1581.55,895.35
7664,Rochette,Nash,rnashni@washington.edu,662-795-0210,3582333688062772,5094885717,1216.57,34.99
4769,Jillane,Chree,jchreenj@deliciousdays.com,331-393-6059,346701772501637,8512768026,1935.02,103.0
2907,Elfie,Sleaford,esleafordnk@europa.eu,797-483-6538,4017951835380814,1795723311,556.15,1042.9
5825,Kristine,Giacoboni,kgiacoboninl@npr.org,604-569-1204,3540442907164946,1351893709,1022.66,1192.76
8382,Freeland,McGillreich,fmcgillreichnm@goo.ne.jp,630-564-1232,3556947199271473,1373045075,850.7,684.57
3471,Bartlett,Scraney,bscraneynn@yellowpages.com,674-368-9695,4911519246516269401,8336765037,205.5,163.69
7093,Merrel,Kenealy,mkenealyno@comcast.net,545-428-5555,6395411685546235,9652270530,1552.01,1952.58
5467,Nadeen,Danko,ndankonp@aboutads.info,433-995-3335,6759786037517376,4254762736,802.57,1720.42
5931,Lyn,Warlow,lwarlownq@sogou.com,233-247-5840,4041377159702,4018084284,1339.16,36.73
6682,Algernon,Langlois,alangloisnr@trellian.com,620-516-2856,3533470095875956,4749450902,259.31,1792.35
6378,Darci,Croom,dcroomns@wired.com,358-907-2135,3556157486238462,9743716799,1765.39,1116.29
8781,Tatum,McColley,tmccolleynt@buzzfeed.com,984-410-0270,30179180620573,7988195863,1411.15,1194.13
7114,Sunny,Paramore,sparamorenu@github.com,509-657-9190,3536807098964864,4253584299,195.03,297.13
5427,Krisha,Ashwood,kashwoodnv@123-reg.co.uk,503-352-6049,3584413683063708,5344168229,114.71,67.3
6304,Poppy,Grimmer,pgrimmernw@constantcontact.com,881-486-0697,201821691788299,5315208035,322.07,797.19
2608,Abigale,Tethcote,atethcotenx@youku.com,601-238-1480,5412942063448611,4311828839,629.07,391.48
3133,Marcel,Paszek,mpaszekny@reverbnation.com,299-584-0806,3578947254121187,1936059091,39.81,590.89
2096,Selestina,Chandler,schandlernz@storify.com,416-330-0763,3562859331470727,4707426135,1218.53,1767.48
7474,Marty,Clara,mclarao0@istockphoto.com,116-755-8965,5020687764621065,5989802628,1937.78,91.11
2865,Torrie,Pagitt,tpagitto1@reuters.com,346-227-7308,3542819695005076,9099690796,1852.6,37.24
8795,Madalyn,Pollicote,mpollicoteo2@unicef.org,631-106-8066,5641825917379601630,5755156905,572.49,1380.99
5958,Lazarus,Morgan,lmorgano3@tripadvisor.com,813-113-9362,490545966793242477,2979999894,349.81,289.02
5150,Malvina,Aronowicz,maronowiczo4@ehow.com,749-789-8809,3587268581862776,9954037116,457.19,1895.5
3819,Thaddus,Goulding,tgouldingo5@latimes.com,329-799-0455,3578319690376496,5196044827,336.61,1591.54
5596,Brock,Goskar,bgoskaro6@baidu.com,715-637-1780,3556647197631088,3353212864,1778.64,810.17
6209,Christean,Halleybone,challeyboneo7@archive.org,299-247-1637,3546356265833369,7417670327,92.9,760.4
1486,Hymie,Willows,hwillowso8@behance.net,731-988-2629,3531990868302633,3551376257,1715.39,1830.04
1127,Alphard,Lumly,alumlyo9@printfriendly.com,514-692-9933,5007665365074857,1547180338,737.55,1176.12
6101,Lane,Korneluk,lkornelukoa@typepad.com,958-647-2692,6762281743994965,9836717282,1856.49,794.41
2886,Isa,Morehall,imorehallob@cam.ac.uk,128-877-0855,3562233266516492,1017673289,1922.76,338.07
4615,Sherman,Khomich,skhomichoc@mozilla.com,127-936-7531,3531637135569565,3426177261,1037.32,1546.34
3660,Andre,Domegan,adomeganod@youku.com,722-332-3662,5602253438266090418,1259984912,519.29,236.31
1444,Iris,Drejer,idrejeroe@ca.gov,487-175-1641,3577036417520187,8051315319,1926.27,509.09
2418,Emalia,Rosenfrucht,erosenfruchtof@ebay.com,512-477-6614,3552883293489634,7138600242,901.13,1492.53
1662,Katha,Burghall,kburghallog@reference.com,120-126-3386,5486627509966695,7063073920,646.58,947.88
5529,Sara-ann,Fores,sforesoh@booking.com,195-569-8575,3535373191586196,7079704446,1938.05,1858.94
7995,Britte,Shewring,bshewringoi@paypal.com,603-318-9734,4175001034409507,6281826362,1782.92,694.34
7103,Sharai,Royall,sroyalloj@moonfruit.com,813-602-3353,3533600757272122,6158775912,880.91,1497.83
7491,Darrel,Bowerbank,dbowerbankok@huffingtonpost.com,114-287-4647,3553477672312894,5595496645,1004.34,702.4
4227,Hieronymus,Schops,hschopsol@artisteer.com,343-222-7426,5497289585548405,9021930825,1494.88,1258.05
6892,Tiena,Singh,tsinghom@yahoo.com,982-872-0003,633110793120936815,4249958500,785.28,1119.59
5331,Darell,Woolhouse,dwoolhouseon@drupal.org,909-695-3137,36879282155378,9037041943,1880.76,1104.53
5758,Brandie,Longstaffe,blongstaffeoo@over-blog.com,383-770-2528,30465646797943,3134962202,653.28,1385.92
6284,Kane,McDermid,kmcdermidop@sitemeter.com,118-953-5167,201792652068445,5785988195,1624.62,980.08
4432,Maura,Lukehurst,mlukehurstoq@xrea.com,756-687-9180,5602244970275306,5071002814,656.57,1060.83
5191,Alexandrina,Pettitt,apettittor@amazon.com,506-361-4677,5002350255407955,7148720635,1713.43,1118.38
7376,Patty,McGiffin,pmcgiffinos@behance.net,551-853-4896,3560448509375512,4013086724,1175.29,481.58
3585,Ranna,Becaris,rbecarisot@ameblo.jp,521-985-6317,3550449181847333,2148463237,680.24,888.94
4751,Edgardo,Couves,ecouvesou@yahoo.com,407-223-2037,201639975840168,2775379839,134.24,19.54
3222,Therine,Kaveney,tkaveneyov@feedburner.com,903-563-8304,670947166206125663,2517687112,1073.91,1511.68
6551,Gussie,Gribbon,ggribbonow@histats.com,852-891-0378,3566563673943202,9844787711,553.86,534.62
6985,Merrilee,Sawyers,msawyersox@vistaprint.com,810-166-4014,3579320041287589,1848341133,578.42,401.94
6889,Joel,Wimbush,jwimbushoy@artisteer.com,133-862-9949,3570719412877184,8949730925,1055.73,650.07
6641,Bonni,Lisimore,blisimoreoz@engadget.com,360-185-1775,5018432199264209441,8794500258,225.35,131.26
5164,Alvina,Risson,arissonp0@fotki.com,458-966-1047,6380240060489761,2092114554,1260.57,1877.88
8661,Katharine,Colbourn,kcolbournp1@army.mil,317-593-6777,6304437511595010686,3859574780,408.44,1025.62
3519,Roarke,Woolnough,rwoolnoughp2@auda.org.au,440-876-5331,3551975127903896,1752874907,1354.53,1346.01
4612,Ronna,McCrae,rmccraep3@1und1.de,893-888-2614,5207325630471093,4382302299,823.54,724.47
1659,Danell,Naden,dnadenp4@msu.edu,240-700-1333,56108390248786483,5939756055,934.12,1914.88
4567,Aloin,Annear,aannearp5@marketwatch.com,446-110-8630,3588663842304999,6921346396,1741.09,1801.03
2443,Lizzie,Gaffney,lgaffneyp6@senate.gov,110-951-6053,3583092176709430,3911502467,1546.04,1331.33
1987,Marabel,Milksop,mmilksopp7@pinterest.com,116-207-2215,56022446983098733,7787789754,29.72,1593.26
7323,Win,Wheldon,wwheldonp8@wsj.com,543-168-9985,201884270528825,7786674568,688.56,674.16
4090,Felizio,Heyburn,fheyburnp9@house.gov,352-640-1224,4913391123346034,1279337411,618.11,1948.03
5756,Chloris,Deakins,cdeakinspa@purevolume.com,770-201-0294,5602218356234525,5177431959,852.22,1138.02
8671,Ransom,Klosterman,rklostermanpb@livejournal.com,328-497-0917,5602249220325702,7053732332,535.83,238.21
8431,Godiva,Juster,gjusterpc@nymag.com,274-522-2877,3576274813695102,1393146500,296.46,921.56
6657,Othella,Blackstock,oblackstockpd@soup.io,728-956-5787,560222536781009814,7341758609,1310.88,1374.34
4597,Rusty,Deeming,rdeemingpe@nps.gov,883-210-5750,3570155156727550,7983122251,1394.95,747.87
4012,Charley,Ritzman,critzmanpf@theatlantic.com,236-132-3141,3566186055007733,6319492957,1047.61,286.69
1286,Matt,McCowen,mmccowenpg@cbc.ca,139-471-7355,3578590729955746,7874270425,603.27,333.41
6115,Calley,Fishbourn,cfishbournph@tamu.edu,526-382-5526,3566290792640705,2807607745,1993.95,578.6
6023,Fonzie,Wehnerr,fwehnerrpi@yandex.ru,675-325-7776,6333440258032806680,3748034153,1364.51,1159.48
2066,Erroll,Dobey,edobeypj@huffingtonpost.com,713-474-2677,3575791555083727,8641349242,1160.27,469.9
4040,Matteo,Stening,msteningpk@studiopress.com,459-816-5067,3563603970748822,5404012724,701.76,1488.82
6590,Ephraim,Kelsey,ekelseypl@auda.org.au,724-445-5868,4041599164698064,9242848299,1979.58,1085.85
3482,Chico,Carlo,ccarlopm@answers.com,515-561-7206,3543009602182288,7347778504,1426.24,1887.28
2900,Vallie,Goulborn,vgoulbornpn@upenn.edu,641-465-2574,30251356098213,5024521871,1929.49,493.8
8405,Donalt,McPeake,dmcpeakepo@admin.ch,179-976-0294,3540827526033136,2538462126,1092.51,1386.19
3440,Merv,Frostdick,mfrostdickpp@washingtonpost.com,814-135-0455,5602235161328516,7686150089,514.56,699.91
4548,Guglielmo,Hurring,ghurringpq@craigslist.org,619-155-9255,6304858771690568,8029572702,110.31,1041.88
5833,Victoria,Galier,vgalierpr@cnbc.com,397-701-0666,3545858041078400,4407930607,1325.06,1560.4
7239,Albrecht,Briamo,abriamops@amazon.co.jp,216-205-5984,30051592356049,6463678935,875.28,67.39
4981,Rosalinda,Luigi,rluigipt@skyrock.com,535-923-4052,3585869390674153,6256709418,1405.35,793.61
7591,Emerson,Kalkhoven,ekalkhovenpu@sogou.com,786-931-8852,3553017036805140,6253251943,874.47,1366.72
7167,Wren,Hourahan,whourahanpv@hibu.com,154-373-5554,6331100975037040,9269960071,1555.34,925.1
8101,Bobbi,Zanettini,bzanettinipw@cocolog-nifty.com,628-994-0089,3550152909459411,6077655068,1939.54,293.1
4137,Sayer,Rowlson,srowlsonpx@spotify.com,379-581-1509,3544923338425796,3078886204,296.16,833.55
1713,Alard,Brun,abrunpy@people.com.cn,112-191-0290,372301521083982,2134466634,1656.32,1891.62
3205,Orsa,Darkins,odarkinspz@pen.io,391-361-9226,201410251421655,1176436565,1724.52,1401.34
7160,Antonin,Pearlman,apearlmanq0@usgs.gov,124-424-7832,4844196825768797,9083212201,84.23,895.49
6875,Domeniga,Meere,dmeereq1@hud.gov,297-148-6950,3558030744450047,1276769850,342.37,1321.42
5497,Sylvester,Zorzoni,szorzoniq2@constantcontact.com,326-701-2934,3550202929219913,2104326712,338.14,1833.58
7985,Tad,Litchfield,tlitchfieldq3@yandex.ru,461-317-0823,3550131828432345,1052528391,1306.24,1797.53
8598,Edee,McRonald,emcronaldq4@sakura.ne.jp,585-993-8703,3571893744877664,4579645468,1193.58,810.87
2931,Biron,Dahlborg,bdahlborgq5@tiny.cc,813-482-4295,3577734737410267,7719681631,1979.6,1514.29
5373,Butch,Higgonet,bhiggonetq6@cpanel.net,904-581-4866,675925068843178151,6449889049,1745.87,1639.63
2513,Konstanze,Mcasparan,kmcasparanq7@wikipedia.org,764-210-1154,3540936553909447,3673653940,1420.45,486.04
1746,Tara,Ceci,tceciq8@princeton.edu,350-985-8668,4936710021274423,4227429326,822.55,1560.76
3457,Fonz,Haitlie,fhaitlieq9@wordpress.org,202-768-5248,5610328435289059,7226032498,708.93,362.34
6879,Dylan,Sprouls,dsproulsqa@virginia.edu,304-247-6768,5602228735721878,6797138701,413.47,693.25
2432,Mel,Galley,mgalleyqb@smugmug.com,685-519-4761,5100178018994857,7114436357,119.28,359.54
3265,Alicia,Firmin,afirminqc@freewebs.com,171-162-9881,5002357877763608,8234217253,188.33,1583.95
6494,Georgianne,Woodard,gwoodardqd@ucoz.com,680-388-9100,3563783414141923,3145473071,328.37,1712.35
4766,Francisca,Andrault,fandraultqe@vkontakte.ru,688-549-3808,3529133952466618,3026994966,1116.13,755.37
6791,Kriste,Sargent,ksargentqf@nps.gov,944-358-7762,3547366885321694,3489927293,15.35,1963.17
4745,Britte,Nutton,bnuttonqg@jimdo.com,453-183-8995,5100141851327387,3752891706,1344.57,496.14
4494,Norina,Schuelcke,nschuelckeqh@dion.ne.jp,947-916-9834,3552414715932397,1482420360,860.19,1815.28
4864,Issiah,Marmon,imarmonqi@sun.com,605-619-6279,3566340482665841,5928510047,620.51,1940.96
7260,Alfi,Platts,aplattsqj@loc.gov,686-216-2673,3582708404227488,6287300182,758.69,207.39
6676,Renado,Nertney,rnertneyqk@auda.org.au,245-457-6611,3552141498155181,3108203734,786.73,1139.9
4544,Gayelord,Belderfield,gbelderfieldql@hibu.com,264-120-9858,201912053065689,9871911273,97.45,660.47
1011,Cary,Venediktov,cvenediktovqm@gizmodo.com,831-489-1583,3535786597838343,1825281700,1436.34,1791.85
3822,Lexis,Lowsely,llowselyqn@google.pl,359-156-2854,3563703729198152,7895383250,967.23,1134.39
3002,Luciana,Hackley,lhackleyqo@lulu.com,828-431-0666,5602242933503343,2801286305,1127.56,1581.92
8059,Ailina,Searjeant,asearjeantqp@umn.edu,921-819-8006,3548659286370875,6755614533,239.74,121.48
2910,Erin,Wison,ewisonqq@hud.gov,912-772-1733,5550297771669368,9873670834,131.92,275.92
3697,Dewie,Pylkynyton,dpylkynytonqr@people.com.cn,277-783-6143,3548344344550483,3903177946,1620.88,1273.32
2272,Richmond,Anderson,randersonqs@xing.com,733-163-2468,3542047676587652,6434262511,993.89,1065.46
2442,Leeanne,McWilliams,lmcwilliamsqt@behance.net,819-781-0018,3556505201751468,5974010293,582.83,1223.67
5010,Orv,Scammonden,oscammondenqu@comsenz.com,113-976-5972,3566010097374929,9401365932,1705.56,1442.56
3842,Andria,Issatt,aissattqv@salon.com,221-690-5783,3529108313036706,4887561755,516.05,1523.2
1284,Bert,Christaeas,bchristaeasqw@meetup.com,748-463-5205,30094083977196,2532758378,318.72,1482.01
3695,Dianemarie,Payley,dpayleyqx@hc360.com,953-698-5941,4041593513499076,3135487110,1367.32,1885.3
5977,Larissa,Scutchin,lscutchinqy@theglobeandmail.com,547-770-6220,5100143956046557,4991338056,838.45,1307.65
8428,Syman,Buick,sbuickqz@nhs.uk,288-454-8497,3549296137407967,2752669581,446.27,610.74
3009,Ebeneser,Martinello,emartinellor0@t.co,357-484-3782,5281080449881631,8865923655,764.13,400.88
6144,Homerus,Guppey,hguppeyr1@google.com,893-935-0484,5413149998272632,6421589045,1531.38,266.97
1531,Elfreda,Bentall,ebentallr2@ifeng.com,448-479-1005,3563265546251820,2552182682,820.3,261.47
6102,Darn,Furzey,dfurzeyr3@digg.com,622-868-2552,3572554328762982,3742215452,668.3,305.99
7698,Chelsea,Wingham,cwinghamr4@foxnews.com,793-341-4114,5602210898503087,8549312050,1824.89,123.72
3543,Martie,Maytom,mmaytomr5@netlog.com,672-219-9454,337941887225257,3704130392,58.28,890.8
6290,Winny,Dyers,wdyersr6@uol.com.br,725-194-5874,4903902346143651,9775647300,1212.04,919.46
1411,Kimbell,Heynel,kheynelr7@census.gov,407-548-3933,30380080400450,7882272885,1790.3,1001.66
4741,Julina,Ilbert,jilbertr8@flavors.me,158-198-6745,36277273700429,8614725848,846.12,476.76
6753,Lorrie,Wilber,lwilberr9@gmpg.org,129-971-1748,5007667707388839,6712838639,1918.83,632.81
8913,Thorndike,Swadlen,tswadlenra@constantcontact.com,688-955-2290,3581068055920548,1177957314,366.47,476.3
8842,Sonny,Forsdike,sforsdikerb@macromedia.com,848-385-0027,3528087049141330,1243221007,384.79,1049.42
2328,Hashim,Springthorp,hspringthorprc@berkeley.edu,902-928-0509,3539532608743114,9788602636,1716.56,1311.37
8961,Stanislas,Wrates,swratesrd@1688.com,339-395-9287,3576350354323823,2424430486,1156.32,91.25
1528,Austin,Dimitrov,adimitrovre@sun.com,570-908-6549,3554878142146805,5207411598,542.38,39.15
3431,Flo,Halliwell,fhalliwellrf@e-recht24.de,648-717-9425,3582690793889427,5379073338,1304.79,153.17
4481,Pammy,Ranahan,pranahanrg@cdc.gov,299-621-6519,30146466483646,6459055487,1623.11,1652.51
7828,Valeria,Blomefield,vblomefieldrh@boston.com,409-865-5818,3540564970231540,6616287079,1039.1,835.29
8543,Suzanne,Billett,sbillettri@geocities.com,616-509-9249,3588571266541923,5934476143,1766.88,1576.13
7469,Tom,Brownhall,tbrownhallrj@state.gov,910-422-2527,4844701342727661,4798591723,1415.34,481.68
3143,Alida,Simoncini,asimoncinirk@shutterfly.com,166-756-2379,30565051133128,4409759884,642.87,653.48
6361,Dillon,Trowel,dtrowelrl@yelp.com,893-854-8428,3589198921146689,4008257734,318.45,1976.56
1468,Rochell,Dehm,rdehmrm@cbc.ca,652-866-5912,3543042669146664,5537241332,1353.31,1543.35
4158,Gibbie,Masselin,gmasselinrn@google.ca,513-694-6362,3541544834125343,1835402896,728.66,1381.29
4426,Horten,Whitmore,hwhitmorero@nbcnews.com,892-106-3578,5002354626562738,9371409074,1416.99,1150.34
6414,Sigismondo,Westwick,swestwickrp@slideshare.net,688-980-8142,3570661169978510,2542668222,1979.19,327.53
7476,Humfrey,Illing,hillingrq@joomla.org,818-915-0381,5100140959990898,2497604922,1605.4,1828.5
5852,Eberto,Sappell,esappellrr@is.gd,953-410-8239,3556190761483305,2391429563,1281.54,1222.52
